suffix,page,issue,date
5,1,1,05.01.1942
6,2,1,05.01.1942
7,3,1,05.01.1942
8,4,1,05.01.1942
9,5,1,05.01.1942
10,6,1,05.01.1942
11,7,1,05.01.1942
12,8,1,05.01.1942
13,9,1,05.01.1942
14,10,1,05.01.1942
15,11,1,05.01.1942
16,12,1,05.01.1942
17,13,1,05.01.1942
18,14,1,05.01.1942
19,15,1,05.01.1942
20,16,1,05.01.1942
22,17,2,06.01.1942
23,18,2,06.01.1942
24,19,2,06.01.1942
25,20,2,06.01.1942
26,21,2,06.01.1942
27,22,2,06.01.1942
28,23,2,06.01.1942
29,24,2,06.01.1942
30,25,2,06.01.1942
31,26,2,06.01.1942
32,27,2,06.01.1942
33,28,2,06.01.1942
34,29,2,06.01.1942
35,30,2,06.01.1942
36,31,2,06.01.1942
37,32,2,06.01.1942
39,33,3,07.01.1942
40,34,3,07.01.1942
41,35,3,07.01.1942
42,36,3,07.01.1942
43,37,3,07.01.1942
44,38,3,07.01.1942
45,39,3,07.01.1942
46,40,3,07.01.1942
47,41,3,07.01.1942
48,42,3,07.01.1942
49,43,3,07.01.1942
50,44,3,07.01.1942
51,45,3,07.01.1942
52,46,3,07.01.1942
53,47,3,07.01.1942
54,48,3,07.01.1942
56,49,4,08.01.1942
57,50,4,08.01.1942
58,51,4,08.01.1942
59,52,4,08.01.1942
60,53,4,08.01.1942
61,54,4,08.01.1942
62,55,4,08.01.1942
63,56,4,08.01.1942
64,57,4,08.01.1942
65,58,4,08.01.1942
66,59,4,08.01.1942
67,60,4,08.01.1942
69,61,5,09.01.1942
70,62,5,09.01.1942
71,63,5,09.01.1942
72,64,5,09.01.1942
73,65,5,09.01.1942
74,66,5,09.01.1942
75,67,5,09.01.1942
76,68,5,09.01.1942
77,69,5,09.01.1942
78,70,5,09.01.1942
79,71,5,09.01.1942
80,72,5,09.01.1942
82,73,6,10.01.1942
83,74,6,10.01.1942
84,75,6,10.01.1942
85,76,6,10.01.1942
86,77,6,10.01.1942
87,78,6,10.01.1942
88,79,6,10.01.1942
89,80,6,10.01.1942
90,81,6,10.01.1942
91,82,6,10.01.1942
92,83,6,10.01.1942
93,84,6,10.01.1942
95,85,7,12.01.1942
96,86,7,12.01.1942
97,87,7,12.01.1942
98,88,7,12.01.1942
99,89,7,12.01.1942
100,90,7,12.01.1942
101,91,7,12.01.1942
102,92,7,12.01.1942
104,93,8,13.01.1942
105,94,8,13.01.1942
106,95,8,13.01.1942
107,96,8,13.01.1942
108,97,8,13.01.1942
109,98,8,13.01.1942
110,99,8,13.01.1942
111,100,8,13.01.1942
113,101,9,14.01.1942
114,102,9,14.01.1942
115,103,9,14.01.1942
116,104,9,14.01.1942
117,105,9,14.01.1942
118,106,9,14.01.1942
119,107,9,14.01.1942
120,108,9,14.01.1942
122,109,10,15.01.1942
123,110,10,15.01.1942
124,111,10,15.01.1942
125,112,10,15.01.1942
126,113,10,15.01.1942
127,114,10,15.01.1942
128,115,10,15.01.1942
129,116,10,15.01.1942
131,117,11,16.01.1942
132,118,11,16.01.1942
133,119,11,16.01.1942
134,120,11,16.01.1942
135,121,11,16.01.1942
136,122,11,16.01.1942
137,123,11,16.01.1942
138,124,11,16.01.1942
140,125,12,17.01.1942
141,126,12,17.01.1942
142,127,12,17.01.1942
143,128,12,17.01.1942
144,129,12,17.01.1942
145,130,12,17.01.1942
146,131,12,17.01.1942
147,132,12,17.01.1942
149,133,13,19.01.1942
150,134,13,19.01.1942
151,135,13,19.01.1942
152,136,13,19.01.1942
153,137,13,19.01.1942
154,138,13,19.01.1942
155,139,13,19.01.1942
156,140,13,19.01.1942
158,141,14,20.01.1942
159,142,14,20.01.1942
160,143,14,20.01.1942
161,144,14,20.01.1942
162,145,14,20.01.1942
163,146,14,20.01.1942
164,147,14,20.01.1942
165,148,14,20.01.1942
167,149,15,21.01.1942
168,150,15,21.01.1942
169,151,15,21.01.1942
170,152,15,21.01.1942
171,153,15,21.01.1942
172,154,15,21.01.1942
173,155,15,21.01.1942
174,156,15,21.01.1942
175,157,15,21.01.1942
176,158,15,21.01.1942
177,159,15,21.01.1942
178,160,15,21.01.1942
179,161,15,21.01.1942
180,162,15,21.01.1942
181,163,15,21.01.1942
182,164,15,21.01.1942
184,165,16,22.01.1942
185,166,16,22.01.1942
186,167,16,22.01.1942
187,168,16,22.01.1942
188,169,16,22.01.1942
189,170,16,22.01.1942
190,171,16,22.01.1942
191,172,16,22.01.1942
192,173,16,22.01.1942
193,174,16,22.01.1942
194,175,16,22.01.1942
195,176,16,22.01.1942
197,177,17,23.01.1942
198,178,17,23.01.1942
199,179,17,23.01.1942
200,180,17,23.01.1942
201,181,17,23.01.1942
202,182,17,23.01.1942
203,183,17,23.01.1942
204,184,17,23.01.1942
206,185,18,24.01.1942
207,186,18,24.01.1942
208,187,18,24.01.1942
209,188,18,24.01.1942
210,189,18,24.01.1942
211,190,18,24.01.1942
212,191,18,24.01.1942
213,192,18,24.01.1942
215,193,19,26.01.1942
216,194,19,26.01.1942
217,195,19,26.01.1942
218,196,19,26.01.1942
219,197,19,26.01.1942
220,198,19,26.01.1942
221,199,19,26.01.1942
222,200,19,26.01.1942
223,201,19,26.01.1942
224,202,19,26.01.1942
225,203,19,26.01.1942
226,204,19,26.01.1942
228,205,20,27.01.1942
229,206,20,27.01.1942
230,207,20,27.01.1942
231,208,20,27.01.1942
232,209,20,27.01.1942
233,210,20,27.01.1942
234,211,20,27.01.1942
235,212,20,27.01.1942
237,213,21,28.01.1942
238,214,21,28.01.1942
239,215,21,28.01.1942
240,216,21,28.01.1942
241,217,21,28.01.1942
242,218,21,28.01.1942
243,219,21,28.01.1942
244,220,21,28.01.1942
246,221,22,29.01.1942
247,222,22,29.01.1942
248,223,22,29.01.1942
249,224,22,29.01.1942
250,225,22,29.01.1942
251,226,22,29.01.1942
252,227,22,29.01.1942
253,228,22,29.01.1942
255,229,23,30.01.1942
256,230,23,30.01.1942
257,231,23,30.01.1942
258,232,23,30.01.1942
259,233,23,30.01.1942
260,234,23,30.01.1942
261,235,23,30.01.1942
262,236,23,30.01.1942
264,237,24,31.01.1942
265,238,24,31.01.1942
266,239,24,31.01.1942
267,240,24,31.01.1942
268,241,24,31.01.1942
269,242,24,31.01.1942
270,243,24,31.01.1942
271,244,24,31.01.1942
273,245,25,02.02.1942
274,246,25,02.02.1942
275,247,25,02.02.1942
276,248,25,02.02.1942
277,249,25,02.02.1942
278,250,25,02.02.1942
279,251,25,02.02.1942
280,252,25,02.02.1942
282,253,26,03.02.1942
283,254,26,03.02.1942
284,255,26,03.02.1942
285,256,26,03.02.1942
286,257,26,03.02.1942
287,258,26,03.02.1942
288,259,26,03.02.1942
289,260,26,03.02.1942
291,261,27,04.02.1942
292,262,27,04.02.1942
293,263,27,04.02.1942
294,264,27,04.02.1942
295,265,27,04.02.1942
296,266,27,04.02.1942
297,267,27,04.02.1942
298,268,27,04.02.1942
300,269,28,05.02.1942
301,270,28,05.02.1942
302,271,28,05.02.1942
303,272,28,05.02.1942
304,273,28,05.02.1942
305,274,28,05.02.1942
306,275,28,05.02.1942
307,276,28,05.02.1942
309,277,29,06.02.1942
310,278,29,06.02.1942
311,279,29,06.02.1942
312,280,29,06.02.1942
313,281,29,06.02.1942
314,282,29,06.02.1942
315,283,29,06.02.1942
316,284,29,06.02.1942
317,285,29,06.02.1942
318,286,29,06.02.1942
319,287,29,06.02.1942
320,288,29,06.02.1942
322,289,30,07.02.1942
323,290,30,07.02.1942
324,291,30,07.02.1942
325,292,30,07.02.1942
326,293,30,07.02.1942
327,294,30,07.02.1942
328,295,30,07.02.1942
329,296,30,07.02.1942
331,297,31,09.02.1942
332,298,31,09.02.1942
333,299,31,09.02.1942
334,300,31,09.02.1942
335,301,31,09.02.1942
336,302,31,09.02.1942
337,303,31,09.02.1942
338,304,31,09.02.1942
339,305,31,09.02.1942
340,306,31,09.02.1942
341,307,31,09.02.1942
342,308,31,09.02.1942
344,309,32,10.02.1942
345,310,32,10.02.1942
346,311,32,10.02.1942
347,312,32,10.02.1942
348,313,32,10.02.1942
349,314,32,10.02.1942
350,315,32,10.02.1942
351,316,32,10.02.1942
353,317,33,11.02.1942
354,318,33,11.02.1942
355,319,33,11.02.1942
356,320,33,11.02.1942
357,321,33,11.02.1942
358,322,33,11.02.1942
359,323,33,11.02.1942
360,324,33,11.02.1942
361,325,33,11.02.1942
362,326,33,11.02.1942
363,327,33,11.02.1942
364,328,33,11.02.1942
366,329,34,12.02.1942
367,330,34,12.02.1942
368,331,34,12.02.1942
369,332,34,12.02.1942
370,333,34,12.02.1942
371,334,34,12.02.1942
372,335,34,12.02.1942
373,336,34,12.02.1942
374,337,34,12.02.1942
375,338,34,12.02.1942
376,339,34,12.02.1942
377,340,34,12.02.1942
379,341,35,13.02.1942
380,342,35,13.02.1942
381,343,35,13.02.1942
382,344,35,13.02.1942
383,345,35,13.02.1942
384,346,35,13.02.1942
385,347,35,13.02.1942
386,348,35,13.02.1942
388,349,36,14.02.1942
389,350,36,14.02.1942
390,351,36,14.02.1942
391,352,36,14.02.1942
392,353,36,14.02.1942
393,354,36,14.02.1942
394,355,36,14.02.1942
395,356,36,14.02.1942
397,357,37,16.02.1942
398,358,37,16.02.1942
399,359,37,16.02.1942
400,360,37,16.02.1942
401,361,37,16.02.1942
402,362,37,16.02.1942
403,363,37,16.02.1942
404,364,37,16.02.1942
406,365,38,17.02.1942
407,366,38,17.02.1942
408,367,38,17.02.1942
409,368,38,17.02.1942
410,369,38,17.02.1942
411,370,38,17.02.1942
412,371,38,17.02.1942
413,372,38,17.02.1942
415,373,39,18.02.1942
416,374,39,18.02.1942
417,375,39,18.02.1942
418,376,39,18.02.1942
419,377,39,18.02.1942
420,378,39,18.02.1942
421,379,39,18.02.1942
422,380,39,18.02.1942
424,381,40,19.02.1942
425,382,40,19.02.1942
426,383,40,19.02.1942
427,384,40,19.02.1942
428,385,40,19.02.1942
429,386,40,19.02.1942
430,387,40,19.02.1942
431,388,40,19.02.1942
433,389,41,20.02.1942
434,390,41,20.02.1942
435,391,41,20.02.1942
436,392,41,20.02.1942
437,393,41,20.02.1942
438,394,41,20.02.1942
439,395,41,20.02.1942
440,396,41,20.02.1942
441,397,41,20.02.1942
442,398,41,20.02.1942
443,399,41,20.02.1942
444,400,41,20.02.1942
446,401,42,21.02.1942
447,402,42,21.02.1942
448,403,42,21.02.1942
449,404,42,21.02.1942
450,405,42,21.02.1942
451,406,42,21.02.1942
452,407,42,21.02.1942
453,408,42,21.02.1942
455,409,43,23.02.1942
456,410,43,23.02.1942
457,411,43,23.02.1942
458,412,43,23.02.1942
459,413,43,23.02.1942
460,414,43,23.02.1942
461,415,43,23.02.1942
462,416,43,23.02.1942
463,417,43,23.02.1942
464,418,43,23.02.1942
465,419,43,23.02.1942
466,420,43,23.02.1942
467,421,43,23.02.1942
468,422,43,23.02.1942
469,423,43,23.02.1942
470,424,43,23.02.1942
472,425,44,24.02.1942
473,426,44,24.02.1942
474,427,44,24.02.1942
475,428,44,24.02.1942
476,429,44,24.02.1942
477,430,44,24.02.1942
478,431,44,24.02.1942
479,432,44,24.02.1942
481,433,45,25.02.1942
482,434,45,25.02.1942
483,435,45,25.02.1942
484,436,45,25.02.1942
485,437,45,25.02.1942
486,438,45,25.02.1942
487,439,45,25.02.1942
488,440,45,25.02.1942
490,441,46,26.02.1942
491,442,46,26.02.1942
492,443,46,26.02.1942
493,444,46,26.02.1942
494,445,46,26.02.1942
495,446,46,26.02.1942
496,447,46,26.02.1942
497,448,46,26.02.1942
498,449,46,26.02.1942
499,450,46,26.02.1942
500,451,46,26.02.1942
501,452,46,26.02.1942
503,453,47,27.02.1942
504,454,47,27.02.1942
505,455,47,27.02.1942
506,456,47,27.02.1942
507,457,47,27.02.1942
508,458,47,27.02.1942
509,459,47,27.02.1942
510,460,47,27.02.1942
511,461,47,27.02.1942
512,462,47,27.02.1942
513,463,47,27.02.1942
514,464,47,27.02.1942
516,465,48,28.02.1942
517,466,48,28.02.1942
518,467,48,28.02.1942
519,468,48,28.02.1942
520,469,48,28.02.1942
521,470,48,28.02.1942
522,471,48,28.02.1942
523,472,48,28.02.1942
524,473,48,28.02.1942
525,474,48,28.02.1942
526,475,48,28.02.1942
527,476,48,28.02.1942
528,477,48,28.02.1942
529,478,48,28.02.1942
530,479,48,28.02.1942
531,480,48,28.02.1942
533,481,49,02.03.1942
534,482,49,02.03.1942
535,483,49,02.03.1942
536,484,49,02.03.1942
537,485,49,02.03.1942
538,486,49,02.03.1942
539,487,49,02.03.1942
540,488,49,02.03.1942
541,489,49,02.03.1942
542,490,49,02.03.1942
543,491,49,02.03.1942
544,492,49,02.03.1942
546,493,50,03.03.1942
547,494,50,03.03.1942
548,495,50,03.03.1942
549,496,50,03.03.1942
550,497,50,03.03.1942
551,498,50,03.03.1942
552,499,50,03.03.1942
553,500,50,03.03.1942
555,501,51,04.03.1942
556,502,51,04.03.1942
557,503,51,04.03.1942
558,504,51,04.03.1942
559,505,51,04.03.1942
560,506,51,04.03.1942
561,507,51,04.03.1942
562,508,51,04.03.1942
563,509,51,04.03.1942
564,510,51,04.03.1942
565,511,51,04.03.1942
566,512,51,04.03.1942
568,513,52,05.03.1942
569,514,52,05.03.1942
570,515,52,05.03.1942
571,516,52,05.03.1942
572,517,52,05.03.1942
573,518,52,05.03.1942
574,519,52,05.03.1942
575,520,52,05.03.1942
577,521,53,06.03.1942
578,522,53,06.03.1942
579,523,53,06.03.1942
580,524,53,06.03.1942
581,525,53,06.03.1942
582,526,53,06.03.1942
583,527,53,06.03.1942
584,528,53,06.03.1942
586,529,54,07.03.1942
587,530,54,07.03.1942
588,531,54,07.03.1942
589,532,54,07.03.1942
590,533,54,07.03.1942
591,534,54,07.03.1942
592,535,54,07.03.1942
593,536,54,07.03.1942
595,537,55,09.03.1942
596,538,55,09.03.1942
597,539,55,09.03.1942
598,540,55,09.03.1942
599,541,55,09.03.1942
600,542,55,09.03.1942
601,543,55,09.03.1942
602,544,55,09.03.1942
603,545,55,09.03.1942
604,546,55,09.03.1942
605,547,55,09.03.1942
606,548,55,09.03.1942
607,549,55,09.03.1942
608,550,55,09.03.1942
609,551,55,09.03.1942
610,552,55,09.03.1942
612,553,56,10.03.1942
613,554,56,10.03.1942
614,555,56,10.03.1942
615,556,56,10.03.1942
616,557,56,10.03.1942
617,558,56,10.03.1942
618,559,56,10.03.1942
619,560,56,10.03.1942
621,561,57,11.03.1942
622,562,57,11.03.1942
623,563,57,11.03.1942
624,564,57,11.03.1942
625,565,57,11.03.1942
626,566,57,11.03.1942
627,567,57,11.03.1942
628,568,57,11.03.1942
629,569,57,11.03.1942
630,570,57,11.03.1942
631,571,57,11.03.1942
632,572,57,11.03.1942
634,573,58,12.03.1942
635,574,58,12.03.1942
636,575,58,12.03.1942
637,576,58,12.03.1942
638,577,58,12.03.1942
639,578,58,12.03.1942
640,579,58,12.03.1942
641,580,58,12.03.1942
643,581,59,13.03.1942
644,582,59,13.03.1942
645,583,59,13.03.1942
646,584,59,13.03.1942
647,585,59,13.03.1942
648,586,59,13.03.1942
649,587,59,13.03.1942
650,588,59,13.03.1942
652,589,60,14.03.1942
653,590,60,14.03.1942
654,591,60,14.03.1942
655,592,60,14.03.1942
656,593,60,14.03.1942
657,594,60,14.03.1942
658,595,60,14.03.1942
659,596,60,14.03.1942
661,597,61,16.03.1942
662,598,61,16.03.1942
663,599,61,16.03.1942
664,600,61,16.03.1942
665,601,61,16.03.1942
666,602,61,16.03.1942
667,603,61,16.03.1942
668,604,61,16.03.1942
669,605,61,16.03.1942
670,606,61,16.03.1942
671,607,61,16.03.1942
672,608,61,16.03.1942
673,609,61,16.03.1942
674,610,61,16.03.1942
675,611,61,16.03.1942
676,612,61,16.03.1942
678,613,62,17.03.1942
679,614,62,17.03.1942
680,615,62,17.03.1942
681,616,62,17.03.1942
682,617,62,17.03.1942
683,618,62,17.03.1942
684,619,62,17.03.1942
685,620,62,17.03.1942
687,621,63,18.03.1942
688,622,63,18.03.1942
689,623,63,18.03.1942
690,624,63,18.03.1942
691,625,63,18.03.1942
692,626,63,18.03.1942
693,627,63,18.03.1942
694,628,63,18.03.1942
695,629,63,18.03.1942
696,630,63,18.03.1942
697,631,63,18.03.1942
698,632,63,18.03.1942
700,633,64,19.03.1942
701,634,64,19.03.1942
702,635,64,19.03.1942
703,636,64,19.03.1942
704,637,64,19.03.1942
705,638,64,19.03.1942
706,639,64,19.03.1942
707,640,64,19.03.1942
709,641,65,20.03.1942
710,642,65,20.03.1942
711,643,65,20.03.1942
712,644,65,20.03.1942
713,645,65,20.03.1942
714,646,65,20.03.1942
715,647,65,20.03.1942
716,648,65,20.03.1942
717,649,65,20.03.1942
718,650,65,20.03.1942
719,651,65,20.03.1942
720,652,65,20.03.1942
722,653,66,21.03.1942
723,654,66,21.03.1942
724,655,66,21.03.1942
725,656,66,21.03.1942
726,657,66,21.03.1942
727,658,66,21.03.1942
728,659,66,21.03.1942
729,660,66,21.03.1942
730,661,66,21.03.1942
731,662,66,21.03.1942
732,663,66,21.03.1942
733,664,66,21.03.1942
735,665,67,23.03.1942
736,666,67,23.03.1942
737,667,67,23.03.1942
738,668,67,23.03.1942
739,669,67,23.03.1942
740,670,67,23.03.1942
741,671,67,23.03.1942
742,672,67,23.03.1942
743,673,67,23.03.1942
744,674,67,23.03.1942
745,675,67,23.03.1942
746,676,67,23.03.1942
748,677,68,24.03.1942
749,678,68,24.03.1942
750,679,68,24.03.1942
751,680,68,24.03.1942
752,681,68,24.03.1942
753,682,68,24.03.1942
754,683,68,24.03.1942
755,684,68,24.03.1942
757,685,69,25.03.1942
758,686,69,25.03.1942
759,687,69,25.03.1942
760,688,69,25.03.1942
761,689,69,25.03.1942
762,690,69,25.03.1942
763,691,69,25.03.1942
764,692,69,25.03.1942
766,693,70,26.03.1942
767,694,70,26.03.1942
768,695,70,26.03.1942
769,696,70,26.03.1942
770,697,70,26.03.1942
771,698,70,26.03.1942
772,699,70,26.03.1942
773,700,70,26.03.1942
774,701,70,26.03.1942
775,702,70,26.03.1942
776,703,70,26.03.1942
777,704,70,26.03.1942
779,705,71,27.03.1942
780,706,71,27.03.1942
781,707,71,27.03.1942
782,708,71,27.03.1942
783,709,71,27.03.1942
784,710,71,27.03.1942
785,711,71,27.03.1942
786,712,71,27.03.1942
787,713,71,27.03.1942
788,714,71,27.03.1942
789,715,71,27.03.1942
790,716,71,27.03.1942
792,717,72,28.03.1942
793,718,72,28.03.1942
794,719,72,28.03.1942
795,720,72,28.03.1942
796,721,72,28.03.1942
797,722,72,28.03.1942
798,723,72,28.03.1942
799,724,72,28.03.1942
800,725,72,28.03.1942
801,726,72,28.03.1942
802,727,72,28.03.1942
803,728,72,28.03.1942
805,729,73,30.03.1942
806,730,73,30.03.1942
807,731,73,30.03.1942
808,732,73,30.03.1942
809,733,73,30.03.1942
810,734,73,30.03.1942
811,735,73,30.03.1942
812,736,73,30.03.1942
813,737,73,30.03.1942
814,738,73,30.03.1942
815,739,73,30.03.1942
816,740,73,30.03.1942
818,741,74,31.03.1942
819,742,74,31.03.1942
820,743,74,31.03.1942
821,744,74,31.03.1942
822,745,74,31.03.1942
823,746,74,31.03.1942
824,747,74,31.03.1942
825,748,74,31.03.1942
826,749,74,31.03.1942
827,750,74,31.03.1942
828,751,74,31.03.1942
829,752,74,31.03.1942
831,753,75,01.04.1942
832,754,75,01.04.1942
833,755,75,01.04.1942
834,756,75,01.04.1942
835,757,75,01.04.1942
836,758,75,01.04.1942
837,759,75,01.04.1942
838,760,75,01.04.1942
839,761,75,01.04.1942
840,762,75,01.04.1942
841,763,75,01.04.1942
842,764,75,01.04.1942
844,765,76,02.04.1942
845,766,76,02.04.1942
846,767,76,02.04.1942
847,768,76,02.04.1942
848,769,76,02.04.1942
849,770,76,02.04.1942
850,771,76,02.04.1942
851,772,76,02.04.1942
852,773,76,02.04.1942
853,774,76,02.04.1942
854,775,76,02.04.1942
855,776,76,02.04.1942
857,777,77,04.04.1942
858,778,77,04.04.1942
859,779,77,04.04.1942
860,780,77,04.04.1942
861,781,77,04.04.1942
862,782,77,04.04.1942
863,783,77,04.04.1942
864,784,77,04.04.1942
865,785,77,04.04.1942
866,786,77,04.04.1942
867,787,77,04.04.1942
868,788,77,04.04.1942
870,789,78,07.04.1942
871,790,78,07.04.1942
872,791,78,07.04.1942
873,792,78,07.04.1942
874,793,78,07.04.1942
875,794,78,07.04.1942
876,795,78,07.04.1942
877,796,78,07.04.1942
879,797,79,08.04.1942
880,798,79,08.04.1942
881,799,79,08.04.1942
882,800,79,08.04.1942
883,801,79,08.04.1942
884,802,79,08.04.1942
885,803,79,08.04.1942
886,804,79,08.04.1942
888,805,80,09.04.1942
889,806,80,09.04.1942
890,807,80,09.04.1942
891,808,80,09.04.1942
892,809,80,09.04.1942
893,810,80,09.04.1942
894,811,80,09.04.1942
895,812,80,09.04.1942
897,813,81,10.04.1942
898,814,81,10.04.1942
899,815,81,10.04.1942
900,816,81,10.04.1942
901,817,81,10.04.1942
902,818,81,10.04.1942
903,819,81,10.04.1942
904,820,81,10.04.1942
905,821,81,10.04.1942
906,822,81,10.04.1942
907,823,81,10.04.1942
908,824,81,10.04.1942
910,825,82,11.04.1942
911,826,82,11.04.1942
912,827,82,11.04.1942
913,828,82,11.04.1942
914,829,82,11.04.1942
915,830,82,11.04.1942
916,831,82,11.04.1942
917,832,82,11.04.1942
919,833,83,13.04.1942
920,834,83,13.04.1942
921,835,83,13.04.1942
922,836,83,13.04.1942
923,837,83,13.04.1942
924,838,83,13.04.1942
925,839,83,13.04.1942
926,840,83,13.04.1942
928,841,84,14.04.1942
929,842,84,14.04.1942
930,843,84,14.04.1942
931,844,84,14.04.1942
932,845,84,14.04.1942
933,846,84,14.04.1942
934,847,84,14.04.1942
935,848,84,14.04.1942
937,849,85,15.04.1942
938,850,85,15.04.1942
939,851,85,15.04.1942
940,852,85,15.04.1942
941,853,85,15.04.1942
942,854,85,15.04.1942
943,855,85,15.04.1942
944,856,85,15.04.1942
945,857,85,15.04.1942
946,858,85,15.04.1942
947,859,85,15.04.1942
948,860,85,15.04.1942
949,861,85,15.04.1942
950,862,85,15.04.1942
951,863,85,15.04.1942
952,864,85,15.04.1942
954,865,86,16.04.1942
955,866,86,16.04.1942
956,867,86,16.04.1942
957,868,86,16.04.1942
958,869,86,16.04.1942
959,870,86,16.04.1942
960,871,86,16.04.1942
961,872,86,16.04.1942
962,873,86,16.04.1942
963,874,86,16.04.1942
964,875,86,16.04.1942
965,876,86,16.04.1942
967,877,87,17.04.1942
968,878,87,17.04.1942
969,879,87,17.04.1942
970,880,87,17.04.1942
971,881,87,17.04.1942
972,882,87,17.04.1942
973,883,87,17.04.1942
974,884,87,17.04.1942
976,885,88,18.04.1942
977,886,88,18.04.1942
978,887,88,18.04.1942
979,888,88,18.04.1942
980,889,88,18.04.1942
981,890,88,18.04.1942
982,891,88,18.04.1942
983,892,88,18.04.1942
985,893,89,20.04.1942
986,894,89,20.04.1942
987,895,89,20.04.1942
988,896,89,20.04.1942
989,897,89,20.04.1942
990,898,89,20.04.1942
991,899,89,20.04.1942
992,900,89,20.04.1942
993,901,89,20.04.1942
994,902,89,20.04.1942
995,903,89,20.04.1942
996,904,89,20.04.1942
997,905,89,20.04.1942
998,906,89,20.04.1942
999,907,89,20.04.1942
1000,908,89,20.04.1942
1002,909,90,21.04.1942
1003,910,90,21.04.1942
1004,911,90,21.04.1942
1005,912,90,21.04.1942
1006,913,90,21.04.1942
1007,914,90,21.04.1942
1008,915,90,21.04.1942
1009,916,90,21.04.1942
1011,917,91,22.04.1942
1012,918,91,22.04.1942
1013,919,91,22.04.1942
1014,920,91,22.04.1942
1015,921,91,22.04.1942
1016,922,91,22.04.1942
1017,923,91,22.04.1942
1018,924,91,22.04.1942
1019,925,91,22.04.1942
1020,926,91,22.04.1942
1021,927,91,22.04.1942
1022,928,91,22.04.1942
1024,929,92,23.04.1942
1025,930,92,23.04.1942
1026,931,92,23.04.1942
1027,932,92,23.04.1942
1028,933,92,23.04.1942
1029,934,92,23.04.1942
1030,935,92,23.04.1942
1031,936,92,23.04.1942
1032,937,92,23.04.1942
1033,938,92,23.04.1942
1034,939,92,23.04.1942
1035,940,92,23.04.1942
1037,941,93,24.04.1942
1038,942,93,24.04.1942
1039,943,93,24.04.1942
1040,944,93,24.04.1942
1041,945,93,24.04.1942
1042,946,93,24.04.1942
1043,947,93,24.04.1942
1044,948,93,24.04.1942
1046,949,94,25.04.1942
1047,950,94,25.04.1942
1048,951,94,25.04.1942
1049,952,94,25.04.1942
1050,953,94,25.04.1942
1051,954,94,25.04.1942
1052,955,94,25.04.1942
1053,956,94,25.04.1942
1055,957,95,27.04.1942
1056,958,95,27.04.1942
1057,959,95,27.04.1942
1058,960,95,27.04.1942
1059,961,95,27.04.1942
1060,962,95,27.04.1942
1061,963,95,27.04.1942
1062,964,95,27.04.1942
1064,965,96,28.04.1942
1065,966,96,28.04.1942
1066,967,96,28.04.1942
1067,968,96,28.04.1942
1068,969,96,28.04.1942
1069,970,96,28.04.1942
1070,971,96,28.04.1942
1071,972,96,28.04.1942
1073,973,97,29.04.1942
1074,974,97,29.04.1942
1075,975,97,29.04.1942
1076,976,97,29.04.1942
1077,977,97,29.04.1942
1078,978,97,29.04.1942
1079,979,97,29.04.1942
1080,980,97,29.04.1942
1081,981,97,29.04.1942
1082,982,97,29.04.1942
1083,983,97,29.04.1942
1084,984,97,29.04.1942
1086,985,98,30.04.1942
1087,986,98,30.04.1942
1088,987,98,30.04.1942
1089,988,98,30.04.1942
1090,989,98,30.04.1942
1091,990,98,30.04.1942
1092,991,98,30.04.1942
1093,992,98,30.04.1942
1094,993,98,30.04.1942
1095,994,98,30.04.1942
1096,995,98,30.04.1942
1097,996,98,30.04.1942
1099,997,99,01.05.1942
1100,998,99,01.05.1942
1101,999,99,01.05.1942
1102,1000,99,01.05.1942
1103,1001,99,01.05.1942
1104,1002,99,01.05.1942
1105,1003,99,01.05.1942
1106,1004,99,01.05.1942
1108,1005,100,02.05.1942
1109,1006,100,02.05.1942
1110,1007,100,02.05.1942
1111,1008,100,02.05.1942
1112,1009,100,02.05.1942
1113,1010,100,02.05.1942
1114,1011,100,02.05.1942
1115,1012,100,02.05.1942
1116,1013,100,02.05.1942
1117,1014,100,02.05.1942
1118,1015,100,02.05.1942
1119,1016,100,02.05.1942
1121,1017,101,04.05.1942
1122,1018,101,04.05.1942
1123,1019,101,04.05.1942
1124,1020,101,04.05.1942
1125,1021,101,04.05.1942
1126,1022,101,04.05.1942
1127,1023,101,04.05.1942
1128,1024,101,04.05.1942
1129,1025,101,04.05.1942
1130,1026,101,04.05.1942
1131,1027,101,04.05.1942
1132,1028,101,04.05.1942
1134,1029,102,05.05.1942
1135,1030,102,05.05.1942
1136,1031,102,05.05.1942
1137,1032,102,05.05.1942
1138,1033,102,05.05.1942
1139,1034,102,05.05.1942
1140,1035,102,05.05.1942
1141,1036,102,05.05.1942
1142,1037,102,05.05.1942
1143,1038,102,05.05.1942
1144,1039,102,05.05.1942
1145,1040,102,05.05.1942
1146,1041,102,05.05.1942
1147,1042,102,05.05.1942
1148,1043,102,05.05.1942
1149,1044,102,05.05.1942
1151,1045,103,06.05.1942
1152,1046,103,06.05.1942
1153,1047,103,06.05.1942
1154,1048,103,06.05.1942
1155,1049,103,06.05.1942
1156,1050,103,06.05.1942
1157,1051,103,06.05.1942
1158,1052,103,06.05.1942
1160,1053,104,07.05.1942
1161,1054,104,07.05.1942
1162,1055,104,07.05.1942
1163,1056,104,07.05.1942
1164,1057,104,07.05.1942
1165,1058,104,07.05.1942
1166,1059,104,07.05.1942
1167,1060,104,07.05.1942
1169,1061,105,08.05.1942
1170,1062,105,08.05.1942
1171,1063,105,08.05.1942
1172,1064,105,08.05.1942
1173,1065,105,08.05.1942
1174,1066,105,08.05.1942
1175,1067,105,08.05.1942
1176,1068,105,08.05.1942
1178,1069,106,09.05.1942
1179,1070,106,09.05.1942
1180,1071,106,09.05.1942
1181,1072,106,09.05.1942
1183,1073,107,11.05.1942
1184,1074,107,11.05.1942
1185,1075,107,11.05.1942
1186,1076,107,11.05.1942
1187,1077,107,11.05.1942
1188,1078,107,11.05.1942
1189,1079,107,11.05.1942
1190,1080,107,11.05.1942
1192,1081,108,12.05.1942
1193,1082,108,12.05.1942
1194,1083,108,12.05.1942
1195,1084,108,12.05.1942
1196,1085,108,12.05.1942
1197,1086,108,12.05.1942
1198,1087,108,12.05.1942
1199,1088,108,12.05.1942
1201,1089,109,13.05.1942
1202,1090,109,13.05.1942
1203,1091,109,13.05.1942
1204,1092,109,13.05.1942
1205,1093,109,13.05.1942
1206,1094,109,13.05.1942
1207,1095,109,13.05.1942
1208,1096,109,13.05.1942
1210,1097,110,15.05.1942
1211,1098,110,15.05.1942
1212,1099,110,15.05.1942
1213,1100,110,15.05.1942
1214,1101,110,15.05.1942
1215,1102,110,15.05.1942
1216,1103,110,15.05.1942
1217,1104,110,15.05.1942
1219,1105,111,16.05.1942
1220,1106,111,16.05.1942
1221,1107,111,16.05.1942
1222,1108,111,16.05.1942
1223,1109,111,16.05.1942
1224,1110,111,16.05.1942
1225,1111,111,16.05.1942
1226,1112,111,16.05.1942
1228,1113,112,18.05.1942
1229,1114,112,18.05.1942
1230,1115,112,18.05.1942
1231,1116,112,18.05.1942
1232,1117,112,18.05.1942
1233,1118,112,18.05.1942
1234,1119,112,18.05.1942
1235,1120,112,18.05.1942
1236,1121,112,18.05.1942
1237,1122,112,18.05.1942
1238,1123,112,18.05.1942
1239,1124,112,18.05.1942
1241,1125,113,19.05.1942
1242,1126,113,19.05.1942
1243,1127,113,19.05.1942
1244,1128,113,19.05.1942
1245,1129,113,19.05.1942
1246,1130,113,19.05.1942
1247,1131,113,19.05.1942
1248,1132,113,19.05.1942
1250,1133,114,20.05.1942
1251,1134,114,20.05.1942
1252,1135,114,20.05.1942
1253,1136,114,20.05.1942
1254,1137,114,20.05.1942
1255,1138,114,20.05.1942
1256,1139,114,20.05.1942
1257,1140,114,20.05.1942
1258,1141,114,20.05.1942
1259,1142,114,20.05.1942
1260,1143,114,20.05.1942
1261,1144,114,20.05.1942
1262,1145,114,20.05.1942
1263,1146,114,20.05.1942
1264,1147,114,20.05.1942
1265,1148,114,20.05.1942
1267,1149,115,21.05.1942
1268,1150,115,21.05.1942
1269,1151,115,21.05.1942
1270,1152,115,21.05.1942
1271,1153,115,21.05.1942
1272,1154,115,21.05.1942
1273,1155,115,21.05.1942
1274,1156,115,21.05.1942
1276,1157,116,22.05.1942
1277,1158,116,22.05.1942
1278,1159,116,22.05.1942
1279,1160,116,22.05.1942
1280,1161,116,22.05.1942
1281,1162,116,22.05.1942
1282,1163,116,22.05.1942
1283,1164,116,22.05.1942
1285,1165,117,23.05.1942
1286,1166,117,23.05.1942
1287,1167,117,23.05.1942
1288,1168,117,23.05.1942
1289,1169,117,23.05.1942
1290,1170,117,23.05.1942
1291,1171,117,23.05.1942
1292,1172,117,23.05.1942
1294,1173,118,26.05.1942
1295,1174,118,26.05.1942
1296,1175,118,26.05.1942
1297,1176,118,26.05.1942
1298,1177,118,26.05.1942
1299,1178,118,26.05.1942
1300,1179,118,26.05.1942
1301,1180,118,26.05.1942
1302,1181,118,26.05.1942
1303,1182,118,26.05.1942
1304,1183,118,26.05.1942
1305,1184,118,26.05.1942
1307,1185,119,27.05.1942
1308,1186,119,27.05.1942
1309,1187,119,27.05.1942
1310,1188,119,27.05.1942
1311,1189,119,27.05.1942
1312,1190,119,27.05.1942
1313,1191,119,27.05.1942
1314,1192,119,27.05.1942
1316,1193,120,28.05.1942
1317,1194,120,28.05.1942
1318,1195,120,28.05.1942
1319,1196,120,28.05.1942
1320,1197,120,28.05.1942
1321,1198,120,28.05.1942
1322,1199,120,28.05.1942
1323,1200,120,28.05.1942
1325,1201,121,29.05.1942
1326,1202,121,29.05.1942
1327,1203,121,29.05.1942
1328,1204,121,29.05.1942
1329,1205,121,29.05.1942
1330,1206,121,29.05.1942
1331,1207,121,29.05.1942
1332,1208,121,29.05.1942
1333,1209,121,29.05.1942
1334,1210,121,29.05.1942
1335,1211,121,29.05.1942
1336,1212,121,29.05.1942
1338,1213,122,30.05.1942
1339,1214,122,30.05.1942
1340,1215,122,30.05.1942
1341,1216,122,30.05.1942
1342,1217,122,30.05.1942
1343,1218,122,30.05.1942
1344,1219,122,30.05.1942
1345,1220,122,30.05.1942
1347,1221,123,01.06.1942
1348,1222,123,01.06.1942
1349,1223,123,01.06.1942
1350,1224,123,01.06.1942
1351,1225,123,01.06.1942
1352,1226,123,01.06.1942
1353,1227,123,01.06.1942
1354,1228,123,01.06.1942
1355,1229,123,01.06.1942
1356,1230,123,01.06.1942
1357,1231,123,01.06.1942
1358,1232,123,01.06.1942
1360,1233,124,02.06.1942
1361,1234,124,02.06.1942
1362,1235,124,02.06.1942
1363,1236,124,02.06.1942
1364,1237,124,02.06.1942
1365,1238,124,02.06.1942
1366,1239,124,02.06.1942
1367,1240,124,02.06.1942
1368,1241,124,02.06.1942
1369,1242,124,02.06.1942
1370,1243,124,02.06.1942
1371,1244,124,02.06.1942
1373,1245,125,03.06.1942
1374,1246,125,03.06.1942
1375,1247,125,03.06.1942
1376,1248,125,03.06.1942
1377,1249,125,03.06.1942
1378,1250,125,03.06.1942
1379,1251,125,03.06.1942
1380,1252,125,03.06.1942
1382,1253,126,04.06.1942
1383,1254,126,04.06.1942
1384,1255,126,04.06.1942
1385,1256,126,04.06.1942
1386,1257,126,04.06.1942
1387,1258,126,04.06.1942
1388,1259,126,04.06.1942
1389,1260,126,04.06.1942
1390,1261,126,04.06.1942
1391,1262,126,04.06.1942
1392,1263,126,04.06.1942
1393,1264,126,04.06.1942
1395,1265,127,05.06.1942
1396,1266,127,05.06.1942
1397,1267,127,05.06.1942
1398,1268,127,05.06.1942
1399,1269,127,05.06.1942
1400,1270,127,05.06.1942
1401,1271,127,05.06.1942
1402,1272,127,05.06.1942
1404,1273,128,06.06.1942
1405,1274,128,06.06.1942
1406,1275,128,06.06.1942
1407,1276,128,06.06.1942
1408,1277,128,06.06.1942
1409,1278,128,06.06.1942
1410,1279,128,06.06.1942
1411,1280,128,06.06.1942
1413,1281,129,08.06.1942
1414,1282,129,08.06.1942
1415,1283,129,08.06.1942
1416,1284,129,08.06.1942
1417,1285,129,08.06.1942
1418,1286,129,08.06.1942
1419,1287,129,08.06.1942
1420,1288,129,08.06.1942
1422,1289,130,09.06.1942
1423,1290,130,09.06.1942
1424,1291,130,09.06.1942
1425,1292,130,09.06.1942
1426,1293,130,09.06.1942
1427,1294,130,09.06.1942
1428,1295,130,09.06.1942
1429,1296,130,09.06.1942
1430,1297,130,09.06.1942
1431,1298,130,09.06.1942
1432,1299,130,09.06.1942
1433,1300,130,09.06.1942
1435,1301,131,10.06.1942
1436,1302,131,10.06.1942
1437,1303,131,10.06.1942
1438,1304,131,10.06.1942
1439,1305,131,10.06.1942
1440,1306,131,10.06.1942
1441,1307,131,10.06.1942
1442,1308,131,10.06.1942
1444,1309,132,11.06.1942
1445,1310,132,11.06.1942
1446,1311,132,11.06.1942
1447,1312,132,11.06.1942
1448,1313,132,11.06.1942
1449,1314,132,11.06.1942
1450,1315,132,11.06.1942
1451,1316,132,11.06.1942
1452,1317,132,11.06.1942
1453,1318,132,11.06.1942
1454,1319,132,11.06.1942
1455,1320,132,11.06.1942
1457,1321,133,12.06.1942
1458,1322,133,12.06.1942
1459,1323,133,12.06.1942
1460,1324,133,12.06.1942
1461,1325,133,12.06.1942
1462,1326,133,12.06.1942
1463,1327,133,12.06.1942
1464,1328,133,12.06.1942
1465,1329,133,12.06.1942
1466,1330,133,12.06.1942
1467,1331,133,12.06.1942
1468,1332,133,12.06.1942
1470,1333,134,13.06.1942
1471,1334,134,13.06.1942
1472,1335,134,13.06.1942
1473,1336,134,13.06.1942
1474,1337,134,13.06.1942
1475,1338,134,13.06.1942
1476,1339,134,13.06.1942
1477,1340,134,13.06.1942
1478,1341,134,13.06.1942
1479,1342,134,13.06.1942
1480,1343,134,13.06.1942
1481,1344,134,13.06.1942
1483,1345,135,15.06.1942
1484,1346,135,15.06.1942
1485,1347,135,15.06.1942
1486,1348,135,15.06.1942
1487,1349,135,15.06.1942
1488,1350,135,15.06.1942
1489,1351,135,15.06.1942
1490,1352,135,15.06.1942
1491,1353,135,15.06.1942
1492,1354,135,15.06.1942
1493,1355,135,15.06.1942
1494,1356,135,15.06.1942
1496,1357,136,16.06.1942
1497,1358,136,16.06.1942
1498,1359,136,16.06.1942
1499,1360,136,16.06.1942
1500,1361,136,16.06.1942
1501,1362,136,16.06.1942
1502,1363,136,16.06.1942
1503,1364,136,16.06.1942
1504,1365,136,16.06.1942
1505,1366,136,16.06.1942
1506,1367,136,16.06.1942
1507,1368,136,16.06.1942
1509,1369,137,17.06.1942
1510,1370,137,17.06.1942
1511,1371,137,17.06.1942
1512,1372,137,17.06.1942
1513,1373,137,17.06.1942
1514,1374,137,17.06.1942
1515,1375,137,17.06.1942
1516,1376,137,17.06.1942
1517,1377,137,17.06.1942
1518,1378,137,17.06.1942
1519,1379,137,17.06.1942
1520,1380,137,17.06.1942
1522,1381,138,18.06.1942
1523,1382,138,18.06.1942
1524,1383,138,18.06.1942
1525,1384,138,18.06.1942
1526,1385,138,18.06.1942
1527,1386,138,18.06.1942
1528,1387,138,18.06.1942
1529,1390,138,18.06.1942
1530,1391,138,18.06.1942
1531,1392,138,18.06.1942
1533,1393,139,19.06.1942
1534,1394,139,19.06.1942
1535,1395,139,19.06.1942
1536,1396,139,19.06.1942
1537,1397,139,19.06.1942
1538,1398,139,19.06.1942
1539,1399,139,19.06.1942
1540,1400,139,19.06.1942
1542,1401,140,20.06.1942
1543,1402,140,20.06.1942
1544,1403,140,20.06.1942
1545,1404,140,20.06.1942
1546,1405,140,20.06.1942
1547,1406,140,20.06.1942
1548,1407,140,20.06.1942
1549,1408,140,20.06.1942
1550,1409,140,20.06.1942
1551,1410,140,20.06.1942
1552,1411,140,20.06.1942
1553,1412,140,20.06.1942
1555,1413,141,22.06.1942
1556,1414,141,22.06.1942
1557,1415,141,22.06.1942
1558,1416,141,22.06.1942
1559,1417,141,22.06.1942
1560,1418,141,22.06.1942
1561,1419,141,22.06.1942
1562,1420,141,22.06.1942
1563,1421,141,22.06.1942
1564,1422,141,22.06.1942
1565,1423,141,22.06.1942
1566,1424,141,22.06.1942
1567,1425,141,22.06.1942
1568,1426,141,22.06.1942
1569,1427,141,22.06.1942
1570,1428,141,22.06.1942
1572,1429,142,23.06.1942
1573,1430,142,23.06.1942
1574,1431,142,23.06.1942
1575,1432,142,23.06.1942
1576,1433,142,23.06.1942
1577,1434,142,23.06.1942
1578,1435,142,23.06.1942
1579,1436,142,23.06.1942
1581,1437,143,24.06.1942
1582,1438,143,24.06.1942
1583,1439,143,24.06.1942
1584,1440,143,24.06.1942
1585,1441,143,24.06.1942
1586,1442,143,24.06.1942
1587,1443,143,24.06.1942
1588,1444,143,24.06.1942
1589,1445,143,24.06.1942
1590,1446,143,24.06.1942
1591,1447,143,24.06.1942
1592,1448,143,24.06.1942
1594,1449,144,25.06.1942
1595,1450,144,25.06.1942
1596,1451,144,25.06.1942
1597,1452,144,25.06.1942
1598,1453,144,25.06.1942
1599,1454,144,25.06.1942
1600,1455,144,25.06.1942
1601,1456,144,25.06.1942
1602,1457,144,25.06.1942
1603,1458,144,25.06.1942
1604,1459,144,25.06.1942
1605,1460,144,25.06.1942
1607,1461,145,26.06.1942
1608,1462,145,26.06.1942
1609,1463,145,26.06.1942
1610,1466,145,26.06.1942
1611,1467,145,26.06.1942
1612,1468,145,26.06.1942
1613,1469,145,26.06.1942
1614,1470,145,26.06.1942
1615,1471,145,26.06.1942
1616,1472,145,26.06.1942
1618,1473,146,27.06.1942
1619,1474,146,27.06.1942
1620,1475,146,27.06.1942
1621,1476,146,27.06.1942
1622,1477,146,27.06.1942
1623,1478,146,27.06.1942
1624,1479,146,27.06.1942
1625,1480,146,27.06.1942
1626,1481,146,27.06.1942
1627,1482,146,27.06.1942
1628,1483,146,27.06.1942
1629,1484,146,27.06.1942
1631,1485,147,29.06.1942
1632,1486,147,29.06.1942
1633,1487,147,29.06.1942
1634,1488,147,29.06.1942
1635,1489,147,29.06.1942
1636,1490,147,29.06.1942
1637,1491,147,29.06.1942
1638,1492,147,29.06.1942
1640,1493,148,30.06.1942
1641,1494,148,30.06.1942
1642,1495,148,30.06.1942
1643,1496,148,30.06.1942
1644,1497,148,30.06.1942
1645,1498,148,30.06.1942
1646,1499,148,30.06.1942
1647,1500,148,30.06.1942
1648,1501,148,30.06.1942
1649,1502,148,30.06.1942
1650,1503,148,30.06.1942
1651,1504,148,30.06.1942
1652,1505,148,30.06.1942
1653,1506,148,30.06.1942
1654,1507,148,30.06.1942
1655,1508,148,30.06.1942
1657,1509,149,01.07.1942
1658,1510,149,01.07.1942
1659,1511,149,01.07.1942
1660,1512,149,01.07.1942
1661,1513,149,01.07.1942
1662,1514,149,01.07.1942
1663,1515,149,01.07.1942
1664,1516,149,01.07.1942
1666,1517,150,02.07.1942
1667,1518,150,02.07.1942
1668,1519,150,02.07.1942
1669,1520,150,02.07.1942
1670,1521,150,02.07.1942
1671,1522,150,02.07.1942
1672,1523,150,02.07.1942
1673,1524,150,02.07.1942
1675,1525,151,03.07.1942
1676,1526,151,03.07.1942
1677,1527,151,03.07.1942
1678,1528,151,03.07.1942
1679,1529,151,03.07.1942
1680,1530,151,03.07.1942
1681,1531,151,03.07.1942
1682,1532,151,03.07.1942
1683,1533,151,03.07.1942
1684,1534,151,03.07.1942
1685,1535,151,03.07.1942
1686,1536,151,03.07.1942
1688,1537,152,04.07.1942
1689,1538,152,04.07.1942
1690,1539,152,04.07.1942
1691,1540,152,04.07.1942
1692,1541,152,04.07.1942
1693,1542,152,04.07.1942
1694,1543,152,04.07.1942
1695,1544,152,04.07.1942
1697,1545,153,06.07.1942
1698,1546,153,06.07.1942
1699,1547,153,06.07.1942
1700,1548,153,06.07.1942
1701,1549,153,06.07.1942
1702,1550,153,06.07.1942
1703,1551,153,06.07.1942
1704,1552,153,06.07.1942
1705,1553,153,06.07.1942
1706,1554,153,06.07.1942
1707,1555,153,06.07.1942
1708,1556,153,06.07.1942
1710,1557,154,07.07.1942
1711,1558,154,07.07.1942
1712,1559,154,07.07.1942
1713,1560,154,07.07.1942
1714,1561,154,07.07.1942
1715,1562,154,07.07.1942
1716,1563,154,07.07.1942
1717,1564,154,07.07.1942
1719,1565,155,08.07.1942
1720,1566,155,08.07.1942
1721,1567,155,08.07.1942
1722,1568,155,08.07.1942
1723,1569,155,08.07.1942
1724,1570,155,08.07.1942
1725,1571,155,08.07.1942
1726,1572,155,08.07.1942
1727,1573,155,08.07.1942
1728,1574,155,08.07.1942
1729,1575,155,08.07.1942
1730,1576,155,08.07.1942
1731,1577,155,08.07.1942
1732,1578,155,08.07.1942
1733,1579,155,08.07.1942
1734,1580,155,08.07.1942
1736,1581,156,09.07.1942
1737,1582,156,09.07.1942
1738,1583,156,09.07.1942
1739,1584,156,09.07.1942
1740,1585,156,09.07.1942
1741,1586,156,09.07.1942
1742,1587,156,09.07.1942
1743,1588,156,09.07.1942
1745,1589,157,10.07.1942
1746,1590,157,10.07.1942
1747,1591,157,10.07.1942
1748,1592,157,10.07.1942
1749,1593,157,10.07.1942
1750,1594,157,10.07.1942
1751,1595,157,10.07.1942
1752,1596,157,10.07.1942
1754,1597,158,11.07.1942
1755,1598,158,11.07.1942
1756,1599,158,11.07.1942
1757,1600,158,11.07.1942
1758,1601,158,11.07.1942
1759,1602,158,11.07.1942
1760,1603,158,11.07.1942
1761,1604,158,11.07.1942
1763,1605,159,13.07.1942
1764,1606,159,13.07.1942
1765,1607,159,13.07.1942
1766,1608,159,13.07.1942
1767,1609,159,13.07.1942
1768,1610,159,13.07.1942
1769,1611,159,13.07.1942
1770,1612,159,13.07.1942
1772,1613,160,14.07.1942
1773,1614,160,14.07.1942
1774,1615,160,14.07.1942
1775,1616,160,14.07.1942
1776,1617,160,14.07.1942
1777,1618,160,14.07.1942
1778,1619,160,14.07.1942
1779,1620,160,14.07.1942
1781,1621,161,15.07.1942
1782,1622,161,15.07.1942
1783,1623,161,15.07.1942
1784,1624,161,15.07.1942
1785,1625,161,15.07.1942
1786,1626,161,15.07.1942
1787,1627,161,15.07.1942
1788,1628,161,15.07.1942
1790,1629,162,16.07.1942
1791,1630,162,16.07.1942
1792,1631,162,16.07.1942
1793,1632,162,16.07.1942
1794,1633,162,16.07.1942
1795,1634,162,16.07.1942
1796,1635,162,16.07.1942
1797,1636,162,16.07.1942
1798,1637,162,16.07.1942
1799,1638,162,16.07.1942
1800,1639,162,16.07.1942
1801,1640,162,16.07.1942
1803,1641,163,17.07.1942
1804,1642,163,17.07.1942
1805,1643,163,17.07.1942
1806,1644,163,17.07.1942
1807,1645,163,17.07.1942
1808,1646,163,17.07.1942
1809,1647,163,17.07.1942
1810,1648,163,17.07.1942
1811,1649,163,17.07.1942
1812,1650,163,17.07.1942
1813,1651,163,17.07.1942
1814,1652,163,17.07.1942
1816,1653,164,18.07.1942
1817,1654,164,18.07.1942
1818,1655,164,18.07.1942
1819,1656,164,18.07.1942
1820,1657,164,18.07.1942
1821,1658,164,18.07.1942
1822,1659,164,18.07.1942
1823,1660,164,18.07.1942
1824,1661,164,18.07.1942
1825,1662,164,18.07.1942
1826,1663,164,18.07.1942
1827,1664,164,18.07.1942
1829,1665,165,20.07.1942
1830,1666,165,20.07.1942
1831,1667,165,20.07.1942
1832,1668,165,20.07.1942
1833,1669,165,20.07.1942
1834,1670,165,20.07.1942
1835,1671,165,20.07.1942
1836,1672,165,20.07.1942
1838,1673,166,21.07.1942
1839,1674,166,21.07.1942
1840,1675,166,21.07.1942
1841,1676,166,21.07.1942
1842,1677,166,21.07.1942
1843,1678,166,21.07.1942
1844,1679,166,21.07.1942
1845,1680,166,21.07.1942
1847,1681,167,22.07.1942
1848,1682,167,22.07.1942
1849,1683,167,22.07.1942
1850,1684,167,22.07.1942
1851,1685,167,22.07.1942
1852,1686,167,22.07.1942
1853,1687,167,22.07.1942
1854,1688,167,22.07.1942
1856,1689,168,23.07.1942
1857,1690,168,23.07.1942
1858,1691,168,23.07.1942
1859,1692,168,23.07.1942
1860,1693,168,23.07.1942
1861,1694,168,23.07.1942
1862,1695,168,23.07.1942
1863,1696,168,23.07.1942
1864,1697,168,23.07.1942
1865,1698,168,23.07.1942
1866,1699,168,23.07.1942
1867,1700,168,23.07.1942
1868,1701,168,23.07.1942
1869,1702,168,23.07.1942
1870,1703,168,23.07.1942
1871,1704,168,23.07.1942
1873,1705,169,24.07.1942
1874,1706,169,24.07.1942
1875,1707,169,24.07.1942
1876,1708,169,24.07.1942
1877,1709,169,24.07.1942
1878,1710,169,24.07.1942
1879,1711,169,24.07.1942
1880,1712,169,24.07.1942
1882,1713,170,25.07.1942
1883,1714,170,25.07.1942
1884,1715,170,25.07.1942
1885,1716,170,25.07.1942
1886,1717,170,25.07.1942
1887,1718,170,25.07.1942
1888,1719,170,25.07.1942
1889,1720,170,25.07.1942
1890,1721,170,25.07.1942
1891,1722,170,25.07.1942
1892,1723,170,25.07.1942
1893,1724,170,25.07.1942
1895,1725,171,27.07.1942
1896,1726,171,27.07.1942
1897,1727,171,27.07.1942
1898,1728,171,27.07.1942
1899,1729,171,27.07.1942
1900,1730,171,27.07.1942
1901,1731,171,27.07.1942
1902,1732,171,27.07.1942
1904,1733,172,28.07.1942
1905,1734,172,28.07.1942
1906,1735,172,28.07.1942
1907,1736,172,28.07.1942
1908,1737,172,28.07.1942
1909,1738,172,28.07.1942
1910,1739,172,28.07.1942
1911,1740,172,28.07.1942
1913,1741,173,29.07.1942
1914,1742,173,29.07.1942
1915,1743,173,29.07.1942
1916,1744,173,29.07.1942
1917,1745,173,29.07.1942
1918,1746,173,29.07.1942
1919,1747,173,29.07.1942
1920,1748,173,29.07.1942
1922,1749,174,30.07.1942
1923,1750,174,30.07.1942
1924,1751,174,30.07.1942
1925,1752,174,30.07.1942
1926,1753,174,30.07.1942
1927,1754,174,30.07.1942
1928,1755,174,30.07.1942
1929,1756,174,30.07.1942
1931,1757,175,31.07.1942
1932,1758,175,31.07.1942
1933,1759,175,31.07.1942
1934,1760,175,31.07.1942
1935,1761,175,31.07.1942
1936,1762,175,31.07.1942
1937,1763,175,31.07.1942
1938,1764,175,31.07.1942
1940,1765,176,01.08.1942
1941,1766,176,01.08.1942
1942,1767,176,01.08.1942
1943,1768,176,01.08.1942
1944,1769,176,01.08.1942
1945,1770,176,01.08.1942
1946,1771,176,01.08.1942
1947,1772,176,01.08.1942
1949,1773,177,03.08.1942
1950,1774,177,03.08.1942
1951,1775,177,03.08.1942
1952,1776,177,03.08.1942
1953,1777,177,03.08.1942
1954,1778,177,03.08.1942
1955,1779,177,03.08.1942
1956,1780,177,03.08.1942
1958,1781,178,04.08.1942
1959,1782,178,04.08.1942
1960,1783,178,04.08.1942
1961,1784,178,04.08.1942
1962,1785,178,04.08.1942
1963,1786,178,04.08.1942
1964,1787,178,04.08.1942
1965,1788,178,04.08.1942
1967,1789,179,05.08.1942
1968,1790,179,05.08.1942
1969,1791,179,05.08.1942
1970,1792,179,05.08.1942
1971,1793,179,05.08.1942
1972,1794,179,05.08.1942
1973,1795,179,05.08.1942
1974,1796,179,05.08.1942
1976,1797,180,06.08.1942
1977,1798,180,06.08.1942
1978,1799,180,06.08.1942
1979,1800,180,06.08.1942
1980,1801,180,06.08.1942
1981,1802,180,06.08.1942
1982,1803,180,06.08.1942
1983,1804,180,06.08.1942
1984,1805,180,06.08.1942
1985,1806,180,06.08.1942
1986,1807,180,06.08.1942
1987,1808,180,06.08.1942
1989,1809,181,07.08.1942
1990,1810,181,07.08.1942
1991,1811,181,07.08.1942
1992,1812,181,07.08.1942
1993,1813,181,07.08.1942
1994,1814,181,07.08.1942
1995,1815,181,07.08.1942
1996,1816,181,07.08.1942
1998,1817,182,08.08.1942
1999,1818,182,08.08.1942
2000,1819,182,08.08.1942
2001,1820,182,08.08.1942
2002,1821,182,08.08.1942
2003,1822,182,08.08.1942
2004,1823,182,08.08.1942
2005,1824,182,08.08.1942
2007,1825,183,10.08.1942
2008,1826,183,10.08.1942
2009,1827,183,10.08.1942
2010,1828,183,10.08.1942
2012,1829,184,11.08.1942
2013,1830,184,11.08.1942
2014,1831,184,11.08.1942
2015,1832,184,11.08.1942
2016,1833,184,11.08.1942
2017,1834,184,11.08.1942
2018,1835,184,11.08.1942
2019,1836,184,11.08.1942
2021,1837,185,12.08.1942
2022,1838,185,12.08.1942
2023,1839,185,12.08.1942
2024,1840,185,12.08.1942
2025,1841,185,12.08.1942
2026,1842,185,12.08.1942
2028,1845,186,13.08.1942
2029,1846,186,13.08.1942
2030,1847,186,13.08.1942
2031,1848,186,13.08.1942
2032,1849,186,13.08.1942
2033,1850,186,13.08.1942
2034,1851,186,13.08.1942
2035,1852,186,13.08.1942
2036,1853,186,13.08.1942
2037,1854,186,13.08.1942
2038,1855,186,13.08.1942
2039,1856,186,13.08.1942
2041,1857,187,14.08.1942
2042,1858,187,14.08.1942
2043,1859,187,14.08.1942
2044,1860,187,14.08.1942
2045,1861,187,14.08.1942
2046,1862,187,14.08.1942
2047,1863,187,14.08.1942
2048,1864,187,14.08.1942
2050,1865,188,15.08.1942
2051,1866,188,15.08.1942
2052,1867,188,15.08.1942
2053,1868,188,15.08.1942
2054,1869,188,15.08.1942
2055,1870,188,15.08.1942
2056,1871,188,15.08.1942
2057,1872,188,15.08.1942
2059,1873,189,17.08.1942
2060,1874,189,17.08.1942
2061,1875,189,17.08.1942
2062,1876,189,17.08.1942
2064,1877,190,18.08.1942
2065,1878,190,18.08.1942
2066,1879,190,18.08.1942
2067,1880,190,18.08.1942
2068,1881,190,18.08.1942
2069,1882,190,18.08.1942
2070,1883,190,18.08.1942
2071,1884,190,18.08.1942
2072,1885,190,18.08.1942
2073,1886,190,18.08.1942
2074,1887,190,18.08.1942
2075,1888,190,18.08.1942
2077,1889,191,19.08.1942
2078,1890,191,19.08.1942
2079,1891,191,19.08.1942
2080,1892,191,19.08.1942
2081,1893,191,19.08.1942
2082,1894,191,19.08.1942
2083,1895,191,19.08.1942
2084,1896,191,19.08.1942
2086,1897,192,20.08.1942
2087,1898,192,20.08.1942
2088,1899,192,20.08.1942
2089,1900,192,20.08.1942
2090,1901,192,20.08.1942
2091,1902,192,20.08.1942
2092,1903,192,20.08.1942
2093,1904,192,20.08.1942
2095,1905,193,21.08.1942
2096,1906,193,21.08.1942
2097,1907,193,21.08.1942
2098,1908,193,21.08.1942
2100,1909,194,22.08.1942
2101,1910,194,22.08.1942
2102,1911,194,22.08.1942
2103,1912,194,22.08.1942
2105,1913,195,24.08.1942
2106,1914,195,24.08.1942
2107,1915,195,24.08.1942
2108,1916,195,24.08.1942
2109,1917,195,24.08.1942
2110,1918,195,24.08.1942
2111,1919,195,24.08.1942
2112,1920,195,24.08.1942
2114,1921,196,25.08.1942
2115,1922,196,25.08.1942
2116,1923,196,25.08.1942
2117,1924,196,25.08.1942
2118,1925,196,25.08.1942
2119,1926,196,25.08.1942
2120,1927,196,25.08.1942
2121,1928,196,25.08.1942
2123,1929,197,26.08.1942
2124,1930,197,26.08.1942
2125,1931,197,26.08.1942
2126,1932,197,26.08.1942
2127,1933,197,26.08.1942
2128,1934,197,26.08.1942
2129,1935,197,26.08.1942
2130,1936,197,26.08.1942
2132,1937,198,27.08.1942
2133,1938,198,27.08.1942
2134,1939,198,27.08.1942
2135,1940,198,27.08.1942
2136,1941,198,27.08.1942
2137,1942,198,27.08.1942
2138,1943,198,27.08.1942
2139,1944,198,27.08.1942
2141,1945,199,28.08.1942
2142,1946,199,28.08.1942
2143,1947,199,28.08.1942
2144,1948,199,28.08.1942
2145,1949,199,28.08.1942
2146,1950,199,28.08.1942
2147,1951,199,28.08.1942
2148,1952,199,28.08.1942
2150,1953,200,29.08.1942
2151,1954,200,29.08.1942
2152,1955,200,29.08.1942
2153,1956,200,29.08.1942
2154,1957,200,29.08.1942
2155,1958,200,29.08.1942
2156,1959,200,29.08.1942
2157,1960,200,29.08.1942
2159,1961,201,31.08.1942
2160,1962,201,31.08.1942
2161,1963,201,31.08.1942
2162,1964,201,31.08.1942
2163,1965,201,31.08.1942
2164,1966,201,31.08.1942
2165,1967,201,31.08.1942
2166,1968,201,31.08.1942
2168,1969,202,01.09.1942
2169,1970,202,01.09.1942
2170,1971,202,01.09.1942
2171,1972,202,01.09.1942
2172,1973,202,01.09.1942
2173,1974,202,01.09.1942
2174,1975,202,01.09.1942
2175,1976,202,01.09.1942
2177,1977,203,02.09.1942
2178,1978,203,02.09.1942
2179,1979,203,02.09.1942
2180,1980,203,02.09.1942
2181,1981,203,02.09.1942
2182,1982,203,02.09.1942
2183,1983,203,02.09.1942
2184,1984,203,02.09.1942
2186,1985,204,03.09.1942
2187,1986,204,03.09.1942
2188,1987,204,03.09.1942
2189,1988,204,03.09.1942
2190,1989,204,03.09.1942
2191,1990,204,03.09.1942
2192,1991,204,03.09.1942
2193,1992,204,03.09.1942
2194,1993,204,03.09.1942
2195,1994,204,03.09.1942
2196,1995,204,03.09.1942
2197,1996,204,03.09.1942
2199,1997,205,04.09.1942
2200,1998,205,04.09.1942
2201,1999,205,04.09.1942
2202,2000,205,04.09.1942
2203,2001,205,04.09.1942
2204,2002,205,04.09.1942
2205,2003,205,04.09.1942
2206,2004,205,04.09.1942
2207,2005,205,04.09.1942
2208,2006,205,04.09.1942
2209,2007,205,04.09.1942
2210,2008,205,04.09.1942
2211,2009,205,04.09.1942
2212,2010,205,04.09.1942
2213,2011,205,04.09.1942
2214,2012,205,04.09.1942
2216,2013,206,05.09.1942
2217,2014,206,05.09.1942
2218,2015,206,05.09.1942
2219,2016,206,05.09.1942
2220,2017,206,05.09.1942
2221,2018,206,05.09.1942
2222,2019,206,05.09.1942
2223,2020,206,05.09.1942
2225,2021,207,07.09.1942
2226,2022,207,07.09.1942
2227,2023,207,07.09.1942
2228,2024,207,07.09.1942
2229,2025,207,07.09.1942
2230,2026,207,07.09.1942
2231,2027,207,07.09.1942
2232,2028,207,07.09.1942
2234,2029,208,08.09.1942
2235,2030,208,08.09.1942
2236,2031,208,08.09.1942
2237,2032,208,08.09.1942
2238,2033,208,08.09.1942
2239,2034,208,08.09.1942
2240,2035,208,08.09.1942
2241,2036,208,08.09.1942
2243,2037,209,09.09.1942
2244,2038,209,09.09.1942
2245,2039,209,09.09.1942
2246,2040,209,09.09.1942
2247,2041,209,09.09.1942
2248,2042,209,09.09.1942
2249,2043,209,09.09.1942
2250,2044,209,09.09.1942
2252,2045,210,10.09.1942
2253,2046,210,10.09.1942
2254,2047,210,10.09.1942
2255,2048,210,10.09.1942
2256,2049,210,10.09.1942
2257,2050,210,10.09.1942
2258,2051,210,10.09.1942
2259,2052,210,10.09.1942
2261,2053,211,11.09.1942
2262,2054,211,11.09.1942
2263,2055,211,11.09.1942
2264,2056,211,11.09.1942
2265,2057,211,11.09.1942
2266,2058,211,11.09.1942
2267,2059,211,11.09.1942
2268,2060,211,11.09.1942
2270,2061,212,12.09.1942
2271,2062,212,12.09.1942
2272,2063,212,12.09.1942
2273,2064,212,12.09.1942
2274,2065,212,12.09.1942
2275,2066,212,12.09.1942
2276,2067,212,12.09.1942
2277,2068,212,12.09.1942
2279,2069,213,14.09.1942
2280,2070,213,14.09.1942
2281,2071,213,14.09.1942
2282,2072,213,14.09.1942
2283,2073,213,14.09.1942
2284,2074,213,14.09.1942
2285,2075,213,14.09.1942
2286,2076,213,14.09.1942
2288,2077,214,15.09.1942
2289,2078,214,15.09.1942
2290,2079,214,15.09.1942
2291,2080,214,15.09.1942
2292,2081,214,15.09.1942
2293,2082,214,15.09.1942
2294,2083,214,15.09.1942
2295,2084,214,15.09.1942
2297,2085,215,16.09.1942
2298,2086,215,16.09.1942
2299,2087,215,16.09.1942
2300,2088,215,16.09.1942
2301,2089,215,16.09.1942
2302,2090,215,16.09.1942
2303,2091,215,16.09.1942
2304,2092,215,16.09.1942
2306,2093,216,17.09.1942
2307,2094,216,17.09.1942
2308,2095,216,17.09.1942
2309,2096,216,17.09.1942
2310,2097,216,17.09.1942
2311,2098,216,17.09.1942
2312,2099,216,17.09.1942
2313,2100,216,17.09.1942
2315,2101,217,18.09.1942
2316,2102,217,18.09.1942
2317,2103,217,18.09.1942
2318,2104,217,18.09.1942
2319,2105,217,18.09.1942
2320,2106,217,18.09.1942
2321,2107,217,18.09.1942
2322,2108,217,18.09.1942
2323,2109,217,18.09.1942
2324,2110,217,18.09.1942
2325,2111,217,18.09.1942
2326,2112,217,18.09.1942
2327,2113,217,18.09.1942
2328,2114,217,18.09.1942
2329,2115,217,18.09.1942
2330,2116,217,18.09.1942
2332,2117,218,19.09.1942
2333,2118,218,19.09.1942
2334,2119,218,19.09.1942
2335,2120,218,19.09.1942
2336,2121,218,19.09.1942
2337,2122,218,19.09.1942
2338,2123,218,19.09.1942
2339,2124,218,19.09.1942
2341,2125,219,21.09.1942
2342,2126,219,21.09.1942
2343,2127,219,21.09.1942
2344,2128,219,21.09.1942
2345,2129,219,21.09.1942
2346,2130,219,21.09.1942
2347,2131,219,21.09.1942
2348,2132,219,21.09.1942
2350,2133,220,22.09.1942
2351,2134,220,22.09.1942
2352,2135,220,22.09.1942
2353,2136,220,22.09.1942
2354,2137,220,22.09.1942
2355,2138,220,22.09.1942
2356,2139,220,22.09.1942
2357,2140,220,22.09.1942
2358,2141,220,22.09.1942
2359,2142,220,22.09.1942
2360,2143,220,22.09.1942
2361,2144,220,22.09.1942
2363,2145,221,23.09.1942
2364,2146,221,23.09.1942
2365,2147,221,23.09.1942
2366,2148,221,23.09.1942
2367,2149,221,23.09.1942
2368,2150,221,23.09.1942
2369,2151,221,23.09.1942
2370,2152,221,23.09.1942
2372,2153,222,24.09.1942
2373,2154,222,24.09.1942
2374,2155,222,24.09.1942
2375,2156,222,24.09.1942
2376,2157,222,24.09.1942
2377,2158,222,24.09.1942
2378,2159,222,24.09.1942
2379,2160,222,24.09.1942
2380,2161,222,24.09.1942
2381,2162,222,24.09.1942
2382,2163,222,24.09.1942
2383,2164,222,24.09.1942
2385,2165,223,25.09.1942
2386,2166,223,25.09.1942
2387,2167,223,25.09.1942
2388,2168,223,25.09.1942
2389,2169,223,25.09.1942
2390,2170,223,25.09.1942
2391,2171,223,25.09.1942
2392,2172,223,25.09.1942
2393,2173,223,25.09.1942
2394,2174,223,25.09.1942
2395,2175,223,25.09.1942
2396,2176,223,25.09.1942
2398,2177,224,26.09.1942
2399,2178,224,26.09.1942
2400,2179,224,26.09.1942
2401,2180,224,26.09.1942
2402,2181,224,26.09.1942
2403,2182,224,26.09.1942
2404,2183,224,26.09.1942
2405,2184,224,26.09.1942
2406,2185,224,26.09.1942
2407,2186,224,26.09.1942
2408,2187,224,26.09.1942
2409,2188,224,26.09.1942
2411,2189,225,28.09.1942
2412,2190,225,28.09.1942
2413,2191,225,28.09.1942
2414,2192,225,28.09.1942
2415,2193,225,28.09.1942
2416,2194,225,28.09.1942
2417,2195,225,28.09.1942
2418,2196,225,28.09.1942
2419,2197,225,28.09.1942
2420,2198,225,28.09.1942
2421,2199,225,28.09.1942
2422,2200,225,28.09.1942
2424,2201,226,29.09.1942
2425,2202,226,29.09.1942
2426,2203,226,29.09.1942
2427,2204,226,29.09.1942
2428,2205,226,29.09.1942
2429,2206,226,29.09.1942
2430,2207,226,29.09.1942
2431,2208,226,29.09.1942
2433,2209,227,30.09.1942
2434,2210,227,30.09.1942
2435,2211,227,30.09.1942
2436,2212,227,30.09.1942
2437,2213,227,30.09.1942
2438,2214,227,30.09.1942
2439,2215,227,30.09.1942
2440,2216,227,30.09.1942
2442,2217,228,01.10.1942
2443,2218,228,01.10.1942
2444,2219,228,01.10.1942
2445,2220,228,01.10.1942
2446,2221,228,01.10.1942
2447,2222,228,01.10.1942
2448,2223,228,01.10.1942
2449,2224,228,01.10.1942
2450,2225,228,01.10.1942
2451,2226,228,01.10.1942
2452,2227,228,01.10.1942
2453,2228,228,01.10.1942
2455,2229,229,02.10.1942
2456,2230,229,02.10.1942
2457,2231,229,02.10.1942
2458,2232,229,02.10.1942
2459,2233,229,02.10.1942
2460,2234,229,02.10.1942
2461,2235,229,02.10.1942
2462,2236,229,02.10.1942
2464,2237,230,03.10.1942
2465,2238,230,03.10.1942
2466,2239,230,03.10.1942
2467,2240,230,03.10.1942
2468,2241,230,03.10.1942
2469,2242,230,03.10.1942
2470,2243,230,03.10.1942
2471,2244,230,03.10.1942
2473,2245,231,05.10.1942
2474,2246,231,05.10.1942
2475,2247,231,05.10.1942
2476,2248,231,05.10.1942
2477,2249,231,05.10.1942
2478,2250,231,05.10.1942
2479,2251,231,05.10.1942
2480,2252,231,05.10.1942
2481,2253,231,05.10.1942
2482,2254,231,05.10.1942
2483,2255,231,05.10.1942
2484,2256,231,05.10.1942
2486,2257,232,06.10.1942
2487,2258,232,06.10.1942
2488,2259,232,06.10.1942
2489,2260,232,06.10.1942
2490,2261,232,06.10.1942
2491,2262,232,06.10.1942
2492,2263,232,06.10.1942
2493,2264,232,06.10.1942
2495,2265,233,07.10.1942
2496,2266,233,07.10.1942
2497,2267,233,07.10.1942
2498,2268,233,07.10.1942
2499,2269,233,07.10.1942
2500,2270,233,07.10.1942
2501,2271,233,07.10.1942
2502,2272,233,07.10.1942
2504,2273,234,08.10.1942
2505,2274,234,08.10.1942
2506,2275,234,08.10.1942
2507,2276,234,08.10.1942
2508,2277,234,08.10.1942
2509,2278,234,08.10.1942
2510,2279,234,08.10.1942
2511,2280,234,08.10.1942
2513,2281,235,09.10.1942
2514,2282,235,09.10.1942
2515,2283,235,09.10.1942
2516,2284,235,09.10.1942
2517,2285,235,09.10.1942
2518,2286,235,09.10.1942
2519,2287,235,09.10.1942
2520,2288,235,09.10.1942
2522,2289,236,10.10.1942
2523,2290,236,10.10.1942
2524,2291,236,10.10.1942
2525,2292,236,10.10.1942
2526,2293,236,10.10.1942
2527,2294,236,10.10.1942
2528,2295,236,10.10.1942
2529,2296,236,10.10.1942
2531,2297,237,12.10.1942
2532,2298,237,12.10.1942
2533,2299,237,12.10.1942
2534,2300,237,12.10.1942
2535,2301,237,12.10.1942
2536,2302,237,12.10.1942
2537,2303,237,12.10.1942
2538,2304,237,12.10.1942
2540,2305,238,13.10.1942
2541,2306,238,13.10.1942
2542,2307,238,13.10.1942
2543,2308,238,13.10.1942
2544,2309,238,13.10.1942
2545,2310,238,13.10.1942
2546,2311,238,13.10.1942
2547,2312,238,13.10.1942
2548,2313,238,13.10.1942
2549,2314,238,13.10.1942
2550,2315,238,13.10.1942
2551,2316,238,13.10.1942
2552,2317,238,13.10.1942
2553,2318,238,13.10.1942
2554,2319,238,13.10.1942
2555,2320,238,13.10.1942
2557,2321,239,14.10.1942
2558,2322,239,14.10.1942
2559,2323,239,14.10.1942
2560,2324,239,14.10.1942
2561,2325,239,14.10.1942
2562,2326,239,14.10.1942
2563,2327,239,14.10.1942
2564,2328,239,14.10.1942
2565,2329,239,14.10.1942
2566,2330,239,14.10.1942
2567,2331,239,14.10.1942
2568,2332,239,14.10.1942
2569,2333,239,14.10.1942
2570,2334,239,14.10.1942
2571,2335,239,14.10.1942
2572,2336,239,14.10.1942
2574,2337,240,15.10.1942
2575,2338,240,15.10.1942
2576,2339,240,15.10.1942
2577,2340,240,15.10.1942
2578,2341,240,15.10.1942
2579,2342,240,15.10.1942
2580,2343,240,15.10.1942
2581,2344,240,15.10.1942
2582,2345,240,15.10.1942
2583,2346,240,15.10.1942
2584,2347,240,15.10.1942
2585,2348,240,15.10.1942
2586,2349,240,15.10.1942
2587,2350,240,15.10.1942
2588,2351,240,15.10.1942
2589,2352,240,15.10.1942
2591,2353,241,16.10.1942
2592,2354,241,16.10.1942
2593,2355,241,16.10.1942
2594,2356,241,16.10.1942
2595,2357,241,16.10.1942
2596,2358,241,16.10.1942
2597,2359,241,16.10.1942
2598,2360,241,16.10.1942
2599,2361,241,16.10.1942
2600,2362,241,16.10.1942
2601,2363,241,16.10.1942
2602,2364,241,16.10.1942
2604,2365,242,17.10.1942
2605,2366,242,17.10.1942
2606,2367,242,17.10.1942
2607,2368,242,17.10.1942
2608,2369,242,17.10.1942
2609,2370,242,17.10.1942
2610,2371,242,17.10.1942
2611,2372,242,17.10.1942
2613,2373,243,19.10.1942
2614,2374,243,19.10.1942
2615,2375,243,19.10.1942
2616,2376,243,19.10.1942
2617,2377,243,19.10.1942
2618,2378,243,19.10.1942
2619,2379,243,19.10.1942
2620,2380,243,19.10.1942
2621,2381,243,19.10.1942
2622,2382,243,19.10.1942
2623,2383,243,19.10.1942
2624,2384,243,19.10.1942
2626,2385,244,20.10.1942
2627,2386,244,20.10.1942
2628,2387,244,20.10.1942
2629,2388,244,20.10.1942
2630,2389,244,20.10.1942
2631,2390,244,20.10.1942
2632,2391,244,20.10.1942
2633,2392,244,20.10.1942
2635,2393,245,21.10.1942
2636,2394,245,21.10.1942
2637,2395,245,21.10.1942
2638,2396,245,21.10.1942
2639,2397,245,21.10.1942
2640,2398,245,21.10.1942
2641,2399,245,21.10.1942
2642,2400,245,21.10.1942
2644,2401,246,22.10.1942
2645,2402,246,22.10.1942
2646,2403,246,22.10.1942
2647,2404,246,22.10.1942
2648,2405,246,22.10.1942
2649,2406,246,22.10.1942
2650,2407,246,22.10.1942
2651,2408,246,22.10.1942
2652,2409,246,22.10.1942
2653,2410,246,22.10.1942
2654,2411,246,22.10.1942
2655,2412,246,22.10.1942
2656,2413,246,22.10.1942
2657,2414,246,22.10.1942
2658,2415,246,22.10.1942
2659,2416,246,22.10.1942
2661,2417,247,23.10.1942
2662,2418,247,23.10.1942
2663,2419,247,23.10.1942
2664,2420,247,23.10.1942
2665,2421,247,23.10.1942
2666,2422,247,23.10.1942
2667,2423,247,23.10.1942
2668,2424,247,23.10.1942
2669,2425,247,23.10.1942
2670,2426,247,23.10.1942
2671,2427,247,23.10.1942
2672,2428,247,23.10.1942
2674,2429,248,24.10.1942
2675,2430,248,24.10.1942
2676,2431,248,24.10.1942
2677,2432,248,24.10.1942
2678,2433,248,24.10.1942
2679,2434,248,24.10.1942
2680,2435,248,24.10.1942
2681,2436,248,24.10.1942
2683,2437,249,26.10.1942
2684,2438,249,26.10.1942
2685,2439,249,26.10.1942
2686,2440,249,26.10.1942
2687,2441,249,26.10.1942
2688,2442,249,26.10.1942
2689,2443,249,26.10.1942
2690,2444,249,26.10.1942
2692,2445,250,27.10.1942
2693,2446,250,27.10.1942
2694,2447,250,27.10.1942
2695,2448,250,27.10.1942
2696,2449,250,27.10.1942
2697,2450,250,27.10.1942
2698,2451,250,27.10.1942
2699,2452,250,27.10.1942
2701,2453,251,28.10.1942
2702,2454,251,28.10.1942
2703,2455,251,28.10.1942
2704,2456,251,28.10.1942
2705,2457,251,28.10.1942
2706,2458,251,28.10.1942
2707,2459,251,28.10.1942
2708,2460,251,28.10.1942
2709,2461,251,28.10.1942
2710,2462,251,28.10.1942
2711,2463,251,28.10.1942
2712,2464,251,28.10.1942
2713,2465,251,28.10.1942
2714,2466,251,28.10.1942
2715,2467,251,28.10.1942
2716,2468,251,28.10.1942
2718,2469,252,29.10.1942
2719,2470,252,29.10.1942
2720,2471,252,29.10.1942
2721,2472,252,29.10.1942
2722,2473,252,29.10.1942
2723,2474,252,29.10.1942
2724,2475,252,29.10.1942
2725,2476,252,29.10.1942
2727,2477,253,30.10.1942
2728,2478,253,30.10.1942
2729,2479,253,30.10.1942
2730,2480,253,30.10.1942
2731,2481,253,30.10.1942
2732,2482,253,30.10.1942
2733,2483,253,30.10.1942
2734,2484,253,30.10.1942
2735,2485,253,30.10.1942
2736,2486,253,30.10.1942
2737,2487,253,30.10.1942
2738,2488,253,30.10.1942
2739,2489,253,30.10.1942
2740,2490,253,30.10.1942
2741,2491,253,30.10.1942
2742,2492,253,30.10.1942
2744,2493,254,31.10.1942
2745,2494,254,31.10.1942
2746,2495,254,31.10.1942
2747,2496,254,31.10.1942
2748,2497,254,31.10.1942
2749,2498,254,31.10.1942
2750,2499,254,31.10.1942
2751,2500,254,31.10.1942
2752,2501,254,31.10.1942
2753,2502,254,31.10.1942
2754,2503,254,31.10.1942
2755,2504,254,31.10.1942
2757,2505,255,02.11.1942
2758,2506,255,02.11.1942
2759,2507,255,02.11.1942
2760,2508,255,02.11.1942
2761,2509,255,02.11.1942
2762,2510,255,02.11.1942
2763,2511,255,02.11.1942
2764,2512,255,02.11.1942
2766,2513,256,03.11.1942
2767,2514,256,03.11.1942
2768,2515,256,03.11.1942
2769,2516,256,03.11.1942
2770,2517,256,03.11.1942
2771,2518,256,03.11.1942
2772,2519,256,03.11.1942
2773,2520,256,03.11.1942
2774,2521,256,03.11.1942
2775,2522,256,03.11.1942
2776,2523,256,03.11.1942
2777,2524,256,03.11.1942
2779,2525,257,04.11.1942
2780,2526,257,04.11.1942
2781,2527,257,04.11.1942
2782,2528,257,04.11.1942
2783,2529,257,04.11.1942
2784,2530,257,04.11.1942
2785,2531,257,04.11.1942
2786,2532,257,04.11.1942
2788,2533,258,05.11.1942
2789,2534,258,05.11.1942
2790,2535,258,05.11.1942
2791,2536,258,05.11.1942
2792,2537,258,05.11.1942
2793,2538,258,05.11.1942
2794,2539,258,05.11.1942
2795,2540,258,05.11.1942
2796,2541,258,05.11.1942
2797,2542,258,05.11.1942
2798,2543,258,05.11.1942
2799,2544,258,05.11.1942
2801,2545,259,06.11.1942
2802,2546,259,06.11.1942
2803,2547,259,06.11.1942
2804,2548,259,06.11.1942
2805,2549,259,06.11.1942
2806,2550,259,06.11.1942
2807,2551,259,06.11.1942
2808,2552,259,06.11.1942
2810,2553,260,07.11.1942
2811,2554,260,07.11.1942
2812,2555,260,07.11.1942
2813,2556,260,07.11.1942
2814,2557,260,07.11.1942
2815,2558,260,07.11.1942
2816,2559,260,07.11.1942
2817,2560,260,07.11.1942
2819,2561,261,09.11.1942
2820,2562,261,09.11.1942
2821,2563,261,09.11.1942
2822,2564,261,09.11.1942
2823,2565,261,09.11.1942
2824,2566,261,09.11.1942
2825,2567,261,09.11.1942
2826,2568,261,09.11.1942
2828,2569,262,10.11.1942
2829,2570,262,10.11.1942
2830,2571,262,10.11.1942
2831,2572,262,10.11.1942
2832,2573,262,10.11.1942
2833,2574,262,10.11.1942
2834,2575,262,10.11.1942
2835,2576,262,10.11.1942
2837,2577,263,11.11.1942
2838,2578,263,11.11.1942
2839,2579,263,11.11.1942
2840,2580,263,11.11.1942
2841,2581,263,11.11.1942
2842,2582,263,11.11.1942
2843,2583,263,11.11.1942
2844,2584,263,11.11.1942
2846,2585,264,12.11.1942
2847,2586,264,12.11.1942
2848,2587,264,12.11.1942
2849,2588,264,12.11.1942
2850,2589,264,12.11.1942
2851,2590,264,12.11.1942
2852,2591,264,12.11.1942
2853,2592,264,12.11.1942
2854,2593,264,12.11.1942
2855,2594,264,12.11.1942
2856,2595,264,12.11.1942
2857,2596,264,12.11.1942
2859,2597,265,13.11.1942
2860,2598,265,13.11.1942
2861,2599,265,13.11.1942
2862,2600,265,13.11.1942
2863,2601,265,13.11.1942
2864,2602,265,13.11.1942
2865,2603,265,13.11.1942
2866,2604,265,13.11.1942
2868,2605,266,14.11.1942
2869,2606,266,14.11.1942
2870,2607,266,14.11.1942
2871,2608,266,14.11.1942
2872,2609,266,14.11.1942
2873,2610,266,14.11.1942
2874,2611,266,14.11.1942
2875,2612,266,14.11.1942
2877,2613,267,16.11.1942
2878,2614,267,16.11.1942
2879,2615,267,16.11.1942
2880,2616,267,16.11.1942
2881,2617,267,16.11.1942
2882,2618,267,16.11.1942
2883,2619,267,16.11.1942
2884,2620,267,16.11.1942
2886,2621,268,17.11.1942
2887,2622,268,17.11.1942
2888,2623,268,17.11.1942
2889,2624,268,17.11.1942
2890,2625,268,17.11.1942
2891,2626,268,17.11.1942
2892,2627,268,17.11.1942
2893,2628,268,17.11.1942
2894,2629,268,17.11.1942
2895,2630,268,17.11.1942
2896,2631,268,17.11.1942
2897,2632,268,17.11.1942
2899,2633,269,18.11.1942
2900,2634,269,18.11.1942
2901,2635,269,18.11.1942
2902,2636,269,18.11.1942
2903,2637,269,18.11.1942
2904,2638,269,18.11.1942
2905,2639,269,18.11.1942
2906,2640,269,18.11.1942
2908,2641,270,19.11.1942
2909,2642,270,19.11.1942
2910,2643,270,19.11.1942
2911,2644,270,19.11.1942
2912,2645,270,19.11.1942
2913,2646,270,19.11.1942
2914,2647,270,19.11.1942
2915,2648,270,19.11.1942
2916,2649,270,19.11.1942
2917,2650,270,19.11.1942
2918,2651,270,19.11.1942
2919,2652,270,19.11.1942
2921,2653,271,20.11.1942
2922,2654,271,20.11.1942
2923,2655,271,20.11.1942
2924,2656,271,20.11.1942
2925,2657,271,20.11.1942
2926,2658,271,20.11.1942
2927,2659,271,20.11.1942
2928,2660,271,20.11.1942
2929,2661,271,20.11.1942
2930,2662,271,20.11.1942
2931,2663,271,20.11.1942
2932,2664,271,20.11.1942
2934,2665,272,21.11.1942
2935,2666,272,21.11.1942
2936,2667,272,21.11.1942
2937,2668,272,21.11.1942
2938,2669,272,21.11.1942
2939,2670,272,21.11.1942
2940,2671,272,21.11.1942
2941,2672,272,21.11.1942
2943,2673,273,23.11.1942
2944,2674,273,23.11.1942
2945,2675,273,23.11.1942
2946,2676,273,23.11.1942
2947,2677,273,23.11.1942
2948,2678,273,23.11.1942
2949,2679,273,23.11.1942
2950,2680,273,23.11.1942
2952,2681,274,24.11.1942
2953,2682,274,24.11.1942
2954,2683,274,24.11.1942
2955,2684,274,24.11.1942
2956,2685,274,24.11.1942
2957,2686,274,24.11.1942
2958,2687,274,24.11.1942
2959,2688,274,24.11.1942
2961,2689,275,25.11.1942
2962,2690,275,25.11.1942
2963,2691,275,25.11.1942
2964,2692,275,25.11.1942
2965,2693,275,25.11.1942
2966,2694,275,25.11.1942
2967,2695,275,25.11.1942
2968,2696,275,25.11.1942
2970,2697,276,26.11.1942
2971,2698,276,26.11.1942
2972,2699,276,26.11.1942
2973,2700,276,26.11.1942
2974,2701,276,26.11.1942
2975,2702,276,26.11.1942
2976,2703,276,26.11.1942
2977,2704,276,26.11.1942
2979,2705,277,27.11.1942
2980,2706,277,27.11.1942
2981,2707,277,27.11.1942
2982,2708,277,27.11.1942
2983,2709,277,27.11.1942
2984,2710,277,27.11.1942
2985,2711,277,27.11.1942
2986,2712,277,27.11.1942
2988,2713,278,28.11.1942
2989,2714,278,28.11.1942
2990,2715,278,28.11.1942
2991,2716,278,28.11.1942
2992,2717,278,28.11.1942
2993,2718,278,28.11.1942
2994,2719,278,28.11.1942
2995,2720,278,28.11.1942
2997,2721,279,30.11.1942
2998,2722,279,30.11.1942
2999,2723,279,30.11.1942
3000,2724,279,30.11.1942
3001,2725,279,30.11.1942
3002,2726,279,30.11.1942
3003,2727,279,30.11.1942
3004,2728,279,30.11.1942
3005,2729,279,30.11.1942
3006,2730,279,30.11.1942
3007,2731,279,30.11.1942
3008,2732,279,30.11.1942
3010,2733,280,01.12.1942
3011,2734,280,01.12.1942
3012,2735,280,01.12.1942
3013,2736,280,01.12.1942
3014,2737,280,01.12.1942
3015,2738,280,01.12.1942
3016,2739,280,01.12.1942
3017,2740,280,01.12.1942
3018,2741,280,01.12.1942
3019,2742,280,01.12.1942
3020,2743,280,01.12.1942
3021,2744,280,01.12.1942
3023,2745,281,02.12.1942
3024,2746,281,02.12.1942
3025,2747,281,02.12.1942
3026,2748,281,02.12.1942
3027,2749,281,02.12.1942
3028,2750,281,02.12.1942
3029,2751,281,02.12.1942
3030,2752,281,02.12.1942
3032,2753,282,03.12.1942
3033,2754,282,03.12.1942
3034,2755,282,03.12.1942
3035,2756,282,03.12.1942
3036,2757,282,03.12.1942
3037,2758,282,03.12.1942
3038,2759,282,03.12.1942
3039,2760,282,03.12.1942
3041,2761,283,04.12.1942
3042,2762,283,04.12.1942
3043,2763,283,04.12.1942
3044,2764,283,04.12.1942
3045,2765,283,04.12.1942
3046,2766,283,04.12.1942
3047,2767,283,04.12.1942
3048,2768,283,04.12.1942
3049,2769,283,04.12.1942
3050,2770,283,04.12.1942
3051,2771,283,04.12.1942
3052,2772,283,04.12.1942
3054,2773,284,05.12.1942
3055,2774,284,05.12.1942
3056,2775,284,05.12.1942
3057,2776,284,05.12.1942
3058,2777,284,05.12.1942
3059,2778,284,05.12.1942
3060,2779,284,05.12.1942
3061,2780,284,05.12.1942
3063,2781,285,07.12.1942
3064,2782,285,07.12.1942
3065,2783,285,07.12.1942
3066,2784,285,07.12.1942
3067,2785,285,07.12.1942
3068,2786,285,07.12.1942
3069,2787,285,07.12.1942
3070,2788,285,07.12.1942
3071,2789,285,07.12.1942
3072,2790,285,07.12.1942
3073,2791,285,07.12.1942
3074,2792,285,07.12.1942
3076,2793,286,08.12.1942
3077,2794,286,08.12.1942
3078,2795,286,08.12.1942
3079,2796,286,08.12.1942
3080,2797,286,08.12.1942
3081,2798,286,08.12.1942
3082,2799,286,08.12.1942
3083,2800,286,08.12.1942
3085,2801,287,09.12.1942
3086,2802,287,09.12.1942
3087,2803,287,09.12.1942
3088,2804,287,09.12.1942
3089,2805,287,09.12.1942
3090,2806,287,09.12.1942
3091,2807,287,09.12.1942
3092,2808,287,09.12.1942
3094,2809,288,10.12.1942
3095,2810,288,10.12.1942
3096,2811,288,10.12.1942
3097,2812,288,10.12.1942
3098,2813,288,10.12.1942
3099,2814,288,10.12.1942
3100,2815,288,10.12.1942
3101,2816,288,10.12.1942
3103,2817,289,11.12.1942
3104,2818,289,11.12.1942
3105,2819,289,11.12.1942
3106,2820,289,11.12.1942
3107,2821,289,11.12.1942
3108,2822,289,11.12.1942
3109,2823,289,11.12.1942
3110,2824,289,11.12.1942
3112,2825,290,12.12.1942
3113,2826,290,12.12.1942
3114,2827,290,12.12.1942
3115,2828,290,12.12.1942
3116,2829,290,12.12.1942
3117,2830,290,12.12.1942
3118,2831,290,12.12.1942
3119,2832,290,12.12.1942
3121,2833,291,14.12.1942
3122,2834,291,14.12.1942
3123,2835,291,14.12.1942
3124,2836,291,14.12.1942
3125,2837,291,14.12.1942
3126,2838,291,14.12.1942
3127,2839,291,14.12.1942
3128,2840,291,14.12.1942
3130,2841,292,15.12.1942
3131,2842,292,15.12.1942
3132,2843,292,15.12.1942
3133,2844,292,15.12.1942
3134,2845,292,15.12.1942
3135,2846,292,15.12.1942
3136,2847,292,15.12.1942
3137,2848,292,15.12.1942
3139,2849,293,16.12.1942
3140,2850,293,16.12.1942
3141,2851,293,16.12.1942
3142,2852,293,16.12.1942
3143,2853,293,16.12.1942
3144,2854,293,16.12.1942
3145,2855,293,16.12.1942
3146,2856,293,16.12.1942
3147,2857,293,16.12.1942
3148,2858,293,16.12.1942
3149,2859,293,16.12.1942
3150,2860,293,16.12.1942
3152,2861,294,17.12.1942
3153,2862,294,17.12.1942
3154,2863,294,17.12.1942
3155,2864,294,17.12.1942
3156,2865,294,17.12.1942
3157,2866,294,17.12.1942
3158,2867,294,17.12.1942
3159,2868,294,17.12.1942
3160,2869,294,17.12.1942
3161,2870,294,17.12.1942
3162,2871,294,17.12.1942
3163,2872,294,17.12.1942
3165,2873,295,18.12.1942
3166,2874,295,18.12.1942
3167,2875,295,18.12.1942
3168,2876,295,18.12.1942
3169,2877,295,18.12.1942
3170,2878,295,18.12.1942
3171,2879,295,18.12.1942
3172,2880,295,18.12.1942
3174,2881,296,19.12.1942
3175,2882,296,19.12.1942
3176,2883,296,19.12.1942
3177,2884,296,19.12.1942
3178,2885,296,19.12.1942
3179,2886,296,19.12.1942
3180,2887,296,19.12.1942
3181,2888,296,19.12.1942
3183,2889,297,21.12.1942
3184,2890,297,21.12.1942
3185,2891,297,21.12.1942
3186,2892,297,21.12.1942
3187,2893,297,21.12.1942
3188,2894,297,21.12.1942
3189,2895,297,21.12.1942
3190,2896,297,21.12.1942
3191,2897,297,21.12.1942
3192,2898,297,21.12.1942
3193,2899,297,21.12.1942
3194,2900,297,21.12.1942
3196,2901,298,22.12.1942
3197,2902,298,22.12.1942
3198,2903,298,22.12.1942
3199,2904,298,22.12.1942
3200,2905,298,22.12.1942
3201,2906,298,22.12.1942
3202,2907,298,22.12.1942
3203,2908,298,22.12.1942
3205,2909,299,23.12.1942
3206,2910,299,23.12.1942
3207,2911,299,23.12.1942
3208,2912,299,23.12.1942
3209,2913,299,23.12.1942
3210,2914,299,23.12.1942
3211,2915,299,23.12.1942
3212,2916,299,23.12.1942
3213,2917,299,23.12.1942
3214,2918,299,23.12.1942
3215,2919,299,23.12.1942
3216,2920,299,23.12.1942
3218,2921,300,24.12.1942
3219,2922,300,24.12.1942
3220,2923,300,24.12.1942
3221,2924,300,24.12.1942
3222,2925,300,24.12.1942
3223,2926,300,24.12.1942
3224,2927,300,24.12.1942
3225,2928,300,24.12.1942
3227,2929,301,28.12.1942
3228,2930,301,28.12.1942
3229,2931,301,28.12.1942
3230,2932,301,28.12.1942
3231,2933,301,28.12.1942
3232,2934,301,28.12.1942
3233,2935,301,28.12.1942
3234,2936,301,28.12.1942
3235,2937,301,28.12.1942
3236,2938,301,28.12.1942
3237,2939,301,28.12.1942
3238,2940,301,28.12.1942
3239,2941,301,28.12.1942
3240,2942,301,28.12.1942
3241,2943,301,28.12.1942
3242,2944,301,28.12.1942
3244,2945,302,29.12.1942
3245,2946,302,29.12.1942
3246,2947,302,29.12.1942
3247,2948,302,29.12.1942
3248,2949,302,29.12.1942
3249,2950,302,29.12.1942
3250,2951,302,29.12.1942
3251,2952,302,29.12.1942
3252,2953,302,29.12.1942
3253,2954,302,29.12.1942
3254,2955,302,29.12.1942
3255,2956,302,29.12.1942
3256,2957,302,29.12.1942
3257,2958,302,29.12.1942
3258,2959,302,29.12.1942
3259,2960,302,29.12.1942
3261,2961,303,30.12.1942
3262,2962,303,30.12.1942
3263,2963,303,30.12.1942
3264,2964,303,30.12.1942
3265,2965,303,30.12.1942
3266,2966,303,30.12.1942
3267,2967,303,30.12.1942
3268,2968,303,30.12.1942
3269,2969,303,30.12.1942
3270,2970,303,30.12.1942
3271,2971,303,30.12.1942
3272,2972,303,30.12.1942
3273,2973,303,30.12.1942
3274,2974,303,30.12.1942
3275,2975,303,30.12.1942
3276,2976,303,30.12.1942
3278,2977,304,31.12.1942
3279,2978,304,31.12.1942
3280,2979,304,31.12.1942
3281,2980,304,31.12.1942
3282,2981,304,31.12.1942
3283,2982,304,31.12.1942
3284,2983,304,31.12.1942
3285,2984,304,31.12.1942
3286,2985,304,31.12.1942
3287,2986,304,31.12.1942
3288,2987,304,31.12.1942
3289,2988,304,31.12.1942
3290,2989,304,31.12.1942
3291,2990,304,31.12.1942
3292,2991,304,31.12.1942
3293,2992,304,31.12.1942
